Incoming_Order_A,Incoming_Order_B,Incoming_Order_C
59,20,71
35,69,56
48,44,66
86,65,53
10,71,51
21,72,96
71,96,99
85,67,87
22,56,63
62,17,28
91,45,33
29,36,16
26,22,68
19,10,75
29,47,41
99,54,96
83,11,64
25,60,100
84,17,59
34,47,16
49,38,22
95,80,28
84,64,56
40,47,58
25,40,58
43,12,31
10,18,65
32,87,73
82,54,16
11,32,31
64,79,24
64,59,98
19,45,74
44,68,17
13,25,59
91,74,22
99,13,19
15,64,66
91,28,92
62,32,92
77,46,19
67,74,40
62,82,33
11,91,34
29,30,26
59,11,15
79,79,84
32,26,51
36,82,78
87,96,81
98,10,15
90,91,51
42,90,36
64,99,87
42,88,39
40,36,72
26,91,38
31,54,83
14,54,12
55,92,28
44,80,67
63,70,74
67,46,38
22,86,22
94,46,64
96,16,50
64,67,31
45,25,33
43,90,85
28,30,66
35,17,11
32,60,18
25,87,10
97,14,25
97,73,42
64,56,17
76,14,35
40,74,63
18,93,78
52,10,86
56,31,97
18,100,86
58,79,72
100,79,29
45,53,12
40,43,62
83,44,34
78,53,81
38,31,54
67,88,72
59,62,48
37,32,17
20,23,82
38,25,92
51,10,96
69,84,27
33,80,73
68,11,69
28,40,37
69,30,84
80,82,53
80,95,96
65,45,22
38,83,57
73,30,99
88,56,49
66,88,47
99,12,24
98,73,95
25,77,40
12,52,10
24,78,22
94,30,20
96,71,91
29,72,71
42,70,32
59,74,43
34,72,25
51,17,82
73,74,45
55,55,56
75,36,84
57,66,77
10,48,42
45,18,84
54,85,79
46,29,67
42,69,43
55,46,44
50,31,26
18,31,22
34,17,49
95,81,81
12,75,11
13,93,50
35,32,90
62,58,58
100,17,59
100,89,32
100,96,27
20,36,32
70,10,45
57,92,12
25,39,70
95,12,28
32,27,95
100,51,40
63,37,62
26,11,31
45,90,56
27,23,44
47,81,11
64,99,99
75,78,84
54,65,21
38,91,86
62,16,86
50,96,88
42,89,90
39,38,21
28,14,97
51,28,44
54,68,48
91,62,70
76,74,68
80,77,88
44,91,58
41,72,18
69,49,47
74,55,14
20,18,68
22,42,85
51,99,60
24,71,57
97,51,67
86,87,92
57,49,25
29,59,55
22,73,83
99,55,62
74,91,14
88,25,52
45,81,23
32,36,54
37,76,23
87,28,82
53,48,57
70,61,86
83,42,99
33,33,29
17,60,59
76,88,42
97,13,50
96,38,27
54,77,98
67,91,98
76,88,67
92,75,57
24,36,76
46,39,40
47,17,16
73,33,57
48,52,44
88,28,75
87,91,79
16,37,43
37,84,39
99,99,66
13,11,76
54,79,32
96,12,21
83,96,33
36,42,100
64,63,20
49,67,65
63,26,95
91,61,65
60,23,46
54,67,65
39,33,90
33,75,59
59,84,63
17,89,28
67,66,57
82,56,67
96,79,63
72,73,32
54,81,32
54,95,41
97,91,81
29,99,81
47,65,74
100,83,37
12,41,48
73,86,49
12,12,70
39,37,84
16,75,91
15,76,81
20,43,50
25,49,36
67,75,48
49,28,69
85,75,21
31,19,91
27,31,53
74,26,48
88,81,89
60,11,42
74,44,19
65,12,41
60,17,34
88,24,80
93,100,75
87,68,37
33,90,58
89,47,27
49,10,60
76,95,74
47,55,36
27,22,70
74,77,45
31,64,49
87,30,96
84,20,95
57,86,76
45,79,53
63,53,30
22,43,84
83,85,68
97,77,72
80,49,35
31,13,92
88,38,74
83,45,13
15,34,90
31,65,99
63,63,97
22,43,47
71,85,19
100,35,65
36,11,77
79,28,63
14,83,46
40,60,64
95,65,55
67,95,51
64,44,65
94,95,17
26,70,62
11,22,45
27,60,52
57,39,22
55,67,91
82,61,43
88,13,93
29,64,51
49,80,51
48,28,58
14,99,76
10,32,41
81,28,27
35,83,44
75,75,67
48,19,94
23,53,91
27,74,67
38,80,82
83,62,49
11,42,70
14,69,98
61,54,100
72,100,73
76,77,71
53,90,78
43,21,59
86,48,67
51,29,82
39,79,65
18,66,90
15,97,53
18,54,64
72,18,73
71,58,94
32,12,80
68,89,76
16,76,23
89,68,79
19,72,67
25,85,89
52,94,53
80,61,10
87,80,41
29,39,13
16,14,74
81,71,24
59,32,78
81,90,72
93,14,75
53,14,34
51,92,71
64,54,46
64,77,59
55,34,54
37,57,100
59,90,37
94,66,82
98,40,75
46,90,63
82,28,10
67,34,73
30,86,25
14,39,99
12,78,18
21,17,38
30,52,80
85,29,78
35,37,40
81,53,77
55,87,29
22,76,74
80,43,54
93,59,52
95,33,62
74,62,42
73,91,23
59,47,88
43,12,85
99,11,11
15,19,90
91,59,95
34,97,79
62,14,63
56,52,23
60,97,46
68,23,19
26,93,40
34,94,96
23,86,78
12,43,99
95,36,58
41,75,43
19,100,18
44,83,64
44,93,55
70,21,99
32,87,32
70,10,14
18,10,90
62,85,28
19,51,63
59,58,12
57,12,41
36,63,90
51,72,44
13,58,77
64,98,56
10,10,64
55,86,81
55,94,69
15,49,23
96,54,89
65,20,68
71,28,86
52,90,41
74,18,39
26,49,45
68,91,43
61,34,11
96,100,89
82,79,54
63,79,21
51,88,32
77,19,29
83,46,49
94,14,100
85,84,88
12,44,69
80,52,47
57,48,17
90,52,20
51,35,65
59,29,78
92,80,47
60,28,74
27,95,56
71,90,26
11,51,28
44,47,94
83,63,42
62,26,16
23,45,32
40,67,21
96,66,38
12,13,64
80,16,37
26,69,79
29,97,55
69,78,94
23,35,60
44,35,81
46,48,60
69,66,92
56,83,47
53,71,35
57,22,70
83,69,62
83,89,24
23,15,61
100,58,25
16,70,97
100,28,91
21,86,76
15,23,72
74,91,79
97,43,60
74,28,88
70,19,48
22,37,34
26,37,62
24,25,63
18,86,97
98,55,24
56,55,53
51,78,38
40,89,75
54,12,66
23,21,17
23,67,35
84,50,62
29,58,80
17,49,41
45,35,52
91,52,11
49,19,38
79,92,83
100,88,52
11,94,90
19,25,61
73,79,61
91,90,21
54,95,83
16,75,24
18,68,15
19,42,11
28,59,65
89,57,28
95,15,31
22,62,22
88,74,45
78,99,40
72,97,76
87,19,91
31,85,96
57,40,74
41,79,26
69,68,25
35,93,69
55,24,49
37,68,54
60,99,33
24,38,20
61,29,51
54,29,99
21,55,57
59,16,85
28,11,84
70,30,54
60,13,33
31,14,68
56,19,51
38,22,56
87,99,64
50,54,72
19,45,83
92,76,90
87,38,22
36,18,25
33,92,29
16,28,44
38,53,22
14,61,82
95,26,62
75,84,92
60,91,55
42,51,52
24,96,30
49,68,47
35,26,37
97,100,36
18,43,77
47,43,14
10,27,39
61,74,40
62,100,60
22,40,63
71,85,29
23,32,44
56,94,47
43,26,67
32,50,63
22,70,64
20,45,89
14,10,33
49,100,16
80,17,73
87,32,82
66,81,20
44,46,97
71,47,28
38,61,47
76,87,32
93,87,74
18,38,21
70,46,69
42,57,13
79,93,37
95,54,38
30,95,80
15,29,83
68,87,24
18,74,98
70,24,96
65,58,79
11,73,39
45,30,39
51,27,57
11,41,64
44,16,49
61,85,96
10,17,73
24,76,42
91,46,96
42,68,31
38,26,82
62,70,93
57,57,26
90,84,75
34,42,14
37,20,19
38,94,62
19,95,71
36,28,97
76,65,64
41,90,25
36,92,43
97,76,55
100,34,52
40,90,31
53,33,94
85,43,13
19,69,20
56,37,40
85,47,30
80,12,73
84,23,91
14,44,99
72,17,15
97,65,60
73,18,95
47,46,45
28,62,49
96,60,42
46,80,29
75,50,61
71,17,99
86,61,10
95,13,79
52,35,68
19,83,53
61,58,77
99,48,35
49,75,17
84,51,36
49,32,75
83,56,73
30,61,82
47,88,22
76,48,85
67,40,40
79,13,62
97,31,92
44,55,89
91,17,22
28,13,73
15,94,13
31,20,94
80,62,78
44,87,18
62,80,79
31,19,90
49,35,62
26,65,63
43,43,37
88,79,75
87,96,88
95,33,35
46,72,76
99,20,75
53,22,75
89,14,82
47,88,53
39,91,63
68,55,86
74,78,26
77,99,47
65,98,96
88,52,96
69,50,34
34,78,98
88,83,36
26,65,75
58,21,52
45,63,41
66,84,35
59,38,70
52,14,73
85,69,56
46,54,27
66,55,16
55,86,54
55,79,39
65,89,84
100,90,52
32,40,82
77,32,85
94,36,77
63,29,90
90,33,69
72,28,13
41,33,36
84,15,64
31,21,12
93,77,80
93,76,87
67,66,88
56,84,36
37,38,90
51,88,36
75,79,70
36,94,28
29,75,66
38,95,21
62,31,17
52,45,49
55,99,78
54,95,67
80,80,23
45,78,98
79,46,84
88,31,75
23,11,16
65,18,55
56,82,51
100,59,19
17,97,66
74,41,63
34,58,92
100,50,12
42,34,80
18,24,32
99,49,69
53,55,31
53,52,90
57,36,87
95,56,77
54,10,57
12,34,48
95,20,76
78,38,43
76,72,87
19,54,81
79,29,99
74,59,62
93,74,45
56,22,67
74,53,34
89,79,95
49,100,80
54,43,21
21,53,99
27,68,50
64,50,78
37,54,38
26,57,88
55,85,22
96,86,54
31,85,92
77,45,73
79,70,94
79,62,62
94,71,72
39,100,30
71,97,15
25,76,42
74,99,68
54,64,47
50,15,41
68,19,14
53,52,51
81,70,56
61,87,36
87,96,58
40,12,48
72,98,71
38,92,70
70,54,22
42,84,97
15,43,37
50,15,40
74,86,21
33,48,17
66,77,25
21,36,26
67,59,81
15,34,33
14,13,71
56,98,58
37,29,72
41,19,96
69,90,38
96,15,73
56,17,90
74,32,27
63,97,88
45,36,35
71,14,84
31,10,31
87,20,72
36,17,24
20,32,82
49,89,33
34,38,28
34,78,84
68,23,79
50,98,84
92,26,54
80,37,17
40,68,70
74,45,87
31,38,36
28,91,34
72,39,17
47,74,27
27,27,83
45,33,63
18,11,80
39,83,29
90,10,10
95,62,44
69,17,45
27,42,40
57,16,98
38,68,72
60,57,71
58,66,91
52,42,28
79,65,31
90,10,37
85,79,19
97,31,66
92,78,40
20,94,34
20,95,14
100,46,28
13,83,86
88,58,59
52,87,100
36,99,36
76,57,91
52,18,91
43,89,30
16,98,53
84,38,73
54,48,63
78,51,87
43,61,26
34,35,48
76,28,40
87,98,64
80,100,14
18,21,85
38,41,50
14,17,67
100,56,42
26,82,51
43,50,90
42,100,75
31,18,94
27,64,13
75,64,18
100,20,61
69,79,73
27,48,66
82,37,21
67,83,34
15,76,80
51,48,99
46,12,27
51,77,87
25,31,56
60,18,54
71,94,74
85,35,47
78,52,15
13,42,59
82,54,28
69,14,42
65,22,55
10,27,67
11,31,33
23,80,69
34,35,80
15,57,24
33,91,65
30,30,100
84,16,100
28,28,99
90,50,13
29,65,32
18,44,71
77,39,55
55,76,68
63,37,53
43,54,87
60,44,41
83,87,47
22,10,37
34,19,20
77,91,78
34,41,95
64,16,86
40,79,67
16,50,92
55,91,87
75,70,42
100,85,74
37,29,86
49,80,55
59,39,27
63,62,53
19,11,64
75,33,32
36,14,95
74,71,80
34,15,47
39,89,80
24,59,54
37,79,84
79,37,34
62,98,47
98,25,96
72,88,92
54,31,56
48,15,30
96,86,15
23,14,89
57,84,25
90,17,46
75,58,38
69,41,13
62,97,48
26,33,24
65,12,38
17,77,29
70,83,57
31,85,98
30,85,100
17,88,87
58,74,33
36,56,53
58,87,35
55,65,15
49,62,76
47,62,72
33,79,58
18,59,86
83,86,49
24,23,36
93,80,14
50,45,58
50,52,25
17,34,98
73,70,50
28,51,96
18,92,55
75,29,62
45,11,81
63,24,27
56,61,72
12,20,75
79,21,66
34,77,53
99,53,73
96,41,64
76,57,67
76,55,39
14,59,37
64,26,10
75,16,55
13,75,94
54,80,95
99,54,16
14,48,63
62,17,96
16,57,87
35,61,28
73,57,60
24,11,57
54,74,44
96,47,90
63,43,16
65,70,17
88,62,82
95,23,94
23,94,15
35,92,87
21,25,49
90,30,16
85,25,83
100,58,42
84,28,91
20,57,74
94,47,40
10,24,16
58,28,64
81,53,89
90,40,89
37,31,11
68,49,12
21,48,30
65,84,84
27,83,73
49,64,78
98,75,81
16,97,96
28,97,91
56,34,50
22,26,49
94,26,73
65,20,23
51,88,22
82,36,21
73,34,10
77,73,55
39,94,74
26,63,44
11,84,84
19,87,23
34,83,95
66,51,100
96,63,21
92,54,65
97,34,97
40,38,82
69,88,16
36,58,59
23,100,69
13,90,53
64,37,83
12,36,17
44,23,43
96,79,70
30,93,76
37,85,24
84,58,46
62,39,11
12,87,11
96,36,71
38,61,77
26,89,94
11,49,54
57,24,21
25,39,48
83,96,100
10,52,71
19,76,71
48,82,66
10,90,11
68,69,32
57,61,34
32,49,67
34,44,76
15,41,39
97,76,49
24,52,81
82,91,15
47,63,89
21,29,70
15,70,93
27,82,33
14,78,48
92,73,37
86,62,83
53,25,70
21,85,97
41,85,11
51,99,27
26,39,52
57,80,26
80,56,62
77,44,12
88,69,49
79,29,83
87,99,62
34,35,83
76,13,61
72,30,17
41,62,23
67,27,17
45,96,44
56,91,28
37,95,13
82,94,33
19,82,95
78,98,71
97,59,95
24,48,53
89,80,76
75,91,94
41,20,73
27,93,69
91,36,68
41,89,12
28,14,40
19,95,84
72,47,68
13,32,68
53,100,51
57,71,25
60,45,64
97,59,12
80,95,83
75,38,15
89,75,27
97,62,89
40,37,93
76,78,29
66,84,35
83,55,81
85,80,51
93,91,36
84,11,100
35,73,94
65,59,87
33,74,20
84,21,24
52,73,38
34,39,89
22,66,40
23,72,14
27,24,52
55,91,100
28,17,60
79,85,22
33,18,21
33,47,25
68,40,57
100,86,51
59,23,84
76,78,49
43,33,86
16,56,61
27,30,60
98,33,11
55,63,63
99,26,32
40,82,96
88,91,23
35,82,30
54,89,100
60,75,89
83,66,92
87,100,22
54,57,100
97,11,63
24,79,10
13,14,32
46,38,75
41,41,37
35,50,92
62,98,19
70,93,12
92,13,84
88,94,92
77,51,78
96,39,69
52,23,52
61,28,80
23,37,88
18,77,63
99,100,41
96,89,10
94,77,94
99,80,20
83,73,55
20,23,55
59,50,72
72,89,33
53,28,65
10,85,20
88,28,41
31,52,39
65,87,80
72,44,74
37,51,11
64,15,57
45,20,92
60,91,16
19,73,25
12,18,15
40,62,65
60,78,63
56,24,58
63,82,38
68,69,15
55,76,49
42,75,88
45,29,21
83,53,34
57,34,10
69,44,65
18,48,58
52,88,56
91,71,78
50,29,22
23,18,19
15,25,83
27,96,67
93,33,19
73,34,39
12,50,69
16,36,73
49,71,22
65,99,73
71,55,98
86,62,36
31,22,70
32,96,54
14,77,35
87,11,78
31,20,47
16,72,38
93,52,82
53,20,87
17,59,71
43,19,60
62,65,100
25,57,50
26,97,38
41,47,43
39,81,56
49,91,92
38,39,97
53,29,24
59,11,12
97,20,69
55,82,20
14,40,69
41,36,97
13,29,75
94,72,15
49,84,25
67,26,18
18,73,61
37,68,62
23,22,20
43,28,75
43,81,59
34,18,84
46,37,71
39,72,37
77,67,76
63,35,32
99,59,63
27,100,60
39,88,39
70,28,44
55,67,82
39,94,36
63,29,94
14,20,21
83,83,87
74,15,94
46,79,28
72,66,81
97,38,80
49,13,64
30,29,50
72,20,48
28,67,53
87,78,89
98,10,33
20,27,19
16,32,63
18,40,100
58,42,28
86,97,35
95,28,99
10,11,89
97,52,61
24,11,55
51,96,21
43,54,38
71,55,85
39,56,75
38,89,77
31,71,74
38,38,80
24,31,33
21,64,10
24,73,50
34,64,85
91,56,31
17,83,59
98,66,39
82,86,91
62,64,99
99,98,13
37,44,25
81,72,86
91,33,96
55,76,15
88,81,12
41,68,79
71,43,22
31,74,34
72,31,95
80,15,10
50,11,56
20,63,76
16,51,52
73,29,39
56,22,31
20,89,51
32,64,91
52,81,66
46,29,90
29,25,69
44,24,58
70,53,80
26,25,33
57,84,27
76,54,78
79,60,59
21,95,66
14,23,64
90,35,54
29,28,16
79,22,19
69,14,74
74,59,25
84,49,90
60,21,54
17,42,63
43,91,11
15,62,59
30,46,82
32,98,13
95,72,31
20,44,28
84,10,85
40,68,62
82,73,62
96,72,95
91,65,93
37,25,77
79,65,59
63,85,31
62,100,28
15,34,73
57,75,25
29,31,69
97,76,18
49,99,90
65,65,75
61,88,96
52,33,63
68,20,75
18,49,55
23,18,22
30,64,87
17,23,90
86,81,24
86,53,52
99,87,10
59,80,95
95,43,41
17,32,42
51,61,75
50,35,11
68,97,10
58,97,77
85,91,83
19,34,87
18,33,94
11,52,100
82,32,92
23,81,11
17,64,59
73,25,64
14,31,12
34,81,71
55,42,81
13,41,71
62,99,53
57,29,42
48,95,25
93,41,49
48,67,43
83,39,73
15,26,37
18,41,24
42,69,40
23,20,100
72,51,10
81,68,92
47,16,24
39,62,83
93,14,19
86,18,47
64,99,27
77,75,79
67,74,83
11,34,15
24,24,38
63,18,52
11,12,10
75,85,44
43,17,92
21,31,31
48,85,71
79,14,22
41,47,43
13,31,44
31,61,12
41,35,77
28,60,19
22,68,96
64,13,35
21,42,76
86,24,64
56,13,44
79,57,15
44,61,67
15,80,23
18,16,10
49,32,39
82,76,36
18,69,47
24,50,84
97,48,13
86,23,74
86,36,25
19,81,34
72,37,68
18,87,54
50,46,59
97,52,90
62,42,37
51,14,20
49,73,66
46,79,19
96,21,100
25,68,95
37,53,39
16,30,74
67,31,60
31,94,73
72,63,25
73,90,40
53,51,70
72,74,32
17,26,48
22,39,87
16,19,73
91,75,37
78,94,70
54,50,86
31,97,88
29,29,66
15,25,63
63,58,63
16,87,57
93,65,39
31,44,86
46,63,35
21,77,43
63,35,78
79,30,96
89,78,53
49,16,10
77,22,70
42,12,97
36,72,53
53,87,30
54,64,62
15,44,48
28,66,94
70,80,43
67,33,33
93,72,34
63,11,83
19,71,11
49,51,23
51,97,47
63,30,73
74,66,26
48,43,17
79,74,92
17,75,98
13,12,69
75,24,22
78,48,42
28,87,39
80,75,26
17,100,55
95,14,44
27,10,19
28,44,11
54,28,62
29,51,30
80,21,42
66,10,75
85,79,22
74,90,77
80,51,54
56,96,55
27,32,45
99,12,71
28,94,32
31,48,30
66,83,69
49,87,86
21,24,21
21,23,19
33,89,17
92,99,82
91,11,44
83,15,11
67,34,10
64,83,49
64,85,84
53,85,75
17,28,45
88,55,89
71,82,41
60,82,79
25,98,20
24,84,74
35,60,85
69,95,96
44,60,51
51,39,31
20,23,54
84,17,34
12,100,29
77,36,31
88,41,37
77,10,59
19,47,50
47,70,46
40,89,63
19,51,12
94,81,14
85,19,84
60,90,49
99,27,29
84,42,12
53,32,32
20,10,17
48,61,63
42,43,43
21,62,61
81,78,89
80,52,34
27,21,28
23,40,38
32,31,66
11,47,96
81,92,69
63,42,69
80,18,75
18,35,78
31,18,95
65,82,14
89,55,52
30,98,88
36,91,85
18,31,84
29,53,48
40,96,79
10,60,71
37,64,43
60,69,48
23,38,34
88,64,18
53,72,79
31,22,68
11,34,40
36,46,49
20,80,32
92,25,40
28,71,53
62,60,66
72,74,29
77,43,38
52,18,47
77,38,73
39,20,89
26,90,14
14,79,80
32,89,82
94,57,53
72,46,91
39,11,26
54,12,84
42,13,50
87,71,77
33,46,66
35,16,41
27,43,27
60,40,56
57,31,50
23,78,25
72,13,71
92,87,31
53,29,84
62,98,14
60,72,29
89,26,18
11,46,22
11,40,49
89,96,19
63,32,34
62,20,53
12,92,53
95,87,37
61,58,29
90,43,65
78,82,91
68,66,13
99,87,98
27,47,73
21,73,98
71,66,94
67,49,31
60,91,85
76,80,79
63,100,94
42,44,54
98,25,84
43,23,12
93,91,32
59,60,57
42,98,51
89,50,52
21,56,34
53,33,67
44,18,17
90,29,13
15,95,100
43,96,19
87,98,68
55,71,28
15,89,34
18,78,18
73,20,55
59,29,89
63,53,91
50,32,63
84,60,27
39,92,18
58,59,38
25,48,37
75,90,30
60,25,95
17,46,11
21,68,10
44,94,86
24,38,100
80,69,99
12,83,18
35,30,84
43,100,46
78,20,60
50,45,44
23,84,59
41,10,54
84,85,94
47,65,37
54,86,15
91,61,62
68,56,70
13,82,29
70,58,52
39,29,92
17,47,62
59,63,10
30,46,11
43,44,98
37,22,68
85,28,68
17,21,29
62,84,92
61,88,44
32,30,25
24,82,10
63,58,12
65,81,99
76,11,12
37,46,70
79,28,97
95,25,14
46,90,54
87,76,80
69,34,50
61,73,47
82,27,69
37,11,33
35,34,91
60,65,74
15,12,33
55,44,21
44,47,72
78,73,47
37,98,93
14,10,20
42,84,32
52,31,42
61,41,10
92,19,21
45,48,12
82,93,14
86,42,88
77,67,38
40,66,49
33,18,79
77,20,51
76,48,52
45,99,79
59,49,76
52,39,87
44,27,37
55,15,21
61,20,72
71,43,69
49,99,58
28,94,52
58,40,72
37,98,19
52,54,16
71,66,48
62,87,78
69,87,77
93,67,19
28,46,79
69,55,35
84,11,98
12,100,68
36,56,75
93,28,72
47,72,77
88,46,70
13,48,84
17,87,84
29,24,59
29,21,52
53,90,97
60,61,64
17,96,18
94,62,86
38,99,72
84,81,13
24,36,22
37,28,44
96,21,27
20,34,59
43,46,66
75,75,40
59,51,59
10,95,34
37,90,86
17,56,58
10,96,67
15,96,72
52,93,85
67,29,24
52,25,95
47,67,88
100,98,35
29,46,71
63,32,45
77,23,64
29,39,21
38,65,63
52,37,57
81,85,70
45,18,37
93,81,83
11,97,76
44,60,47
68,68,93
79,59,98
85,59,88
13,15,43
81,84,31
87,96,45
37,59,51
97,74,84
91,72,35
38,82,50
45,81,80
24,60,13
49,34,87
82,17,26
97,66,51
48,40,91
42,80,46
74,60,72
61,90,47
22,76,11
54,48,96
14,72,82
48,27,50
43,91,86
16,10,88
71,58,34
83,18,94
28,78,88
17,19,54
28,70,96
43,39,61
56,28,97
22,51,97
14,52,32
32,28,43
68,90,90
64,77,94
80,55,53
73,58,99
11,11,20
83,21,62
50,76,69
59,56,76
68,87,52
62,24,54
21,68,38
31,67,71
58,86,70
67,65,93
26,72,61
59,11,20
60,58,82
37,42,48
85,95,46
97,98,97
34,65,75
23,16,46
27,75,50
46,40,95
63,47,46
55,40,12
70,51,81
92,71,24
36,81,18
69,76,18
11,61,10
66,83,66
93,95,34
96,30,36
67,38,77
64,79,43
63,84,68
27,12,56
94,26,49
50,53,67
24,46,64
11,47,74
60,98,40
87,73,73
42,15,15
100,55,23
18,10,94
93,99,29
93,74,40
90,54,46
79,56,65
21,63,85
41,85,98
41,87,91
66,24,58
73,22,74
90,24,69
22,74,92
24,88,27
77,11,30
50,50,57
26,81,33
67,68,89
49,17,71
26,57,41
83,54,78
30,77,85
93,63,23
49,79,52
70,70,39
24,18,85
47,85,36
73,68,31
17,76,64
61,11,88
91,99,71
25,57,89
86,29,55
33,47,82
44,13,58
71,56,45
69,71,22
28,59,84
71,79,56
19,87,77
84,48,59
73,12,85
40,32,57
53,59,37
99,73,97
16,44,10
23,70,46
43,32,74
84,73,87
42,70,67
14,45,47
91,28,45
25,87,23
19,24,28
37,47,75
20,31,81
57,45,48
56,97,74
74,51,14
78,51,51
71,30,83
38,52,58
26,40,13
65,77,82
30,37,56
32,49,24
77,90,87
25,71,10
23,17,97
31,83,16
33,85,56
10,39,11
97,96,38
100,60,86
75,88,31
59,83,34
28,30,10
84,11,39
74,39,78
93,11,33
83,61,37
30,13,82
87,68,20
58,52,90
16,28,65
23,87,65
100,67,28
83,18,32
18,87,48
44,32,65
98,15,65
62,51,14
27,86,13
10,60,48
61,67,13
98,90,52
56,18,83
50,100,43
37,92,55
85,89,35
35,34,11
91,99,96
76,99,85
28,13,45
36,15,92
82,95,12
28,55,11
12,50,99
59,26,35
62,19,97
23,47,84
34,42,11
13,32,51
14,60,32
15,58,26
43,35,17
33,17,44
24,41,92
40,72,87
89,35,96
22,84,23
58,25,32
72,88,12
66,25,46
11,90,81
90,19,73
88,46,78
28,85,100
71,24,83
84,69,63
91,68,43
77,34,27
62,59,96
39,33,13
12,39,52
38,21,55
99,35,78
82,25,44
18,26,44
84,48,39
24,60,59
64,37,48
38,97,44
58,41,29
52,70,58
91,84,89
29,30,85
31,31,86
77,76,37
70,92,76
60,68,77
33,36,87
15,96,89
26,96,79
68,91,81
90,82,61
61,21,93
100,19,75
71,91,80
79,79,34
33,64,92
81,34,21
27,12,19
76,67,86
62,80,29
100,59,40
82,23,68
61,13,26
67,82,97
53,58,46
22,30,69
39,71,53
80,43,97
67,38,57
19,34,22
99,37,45
43,74,69
80,24,30
33,87,33
12,57,65
69,71,66
98,67,84
73,20,86
12,42,74
10,99,82
21,53,48
76,61,89
77,64,36
27,82,13
100,49,63
96,84,86
64,26,84
92,96,36
74,72,91
81,48,88
42,91,82
31,46,12
85,25,59
35,36,96
43,13,43
34,49,85
12,45,89
57,85,55
48,34,62
78,99,76
28,63,72
60,27,18
64,57,15
54,22,25
31,83,78
17,12,67
94,84,54
18,86,26
50,67,63
45,25,83
94,90,62
61,15,21
35,89,44
59,55,80
46,90,61
59,23,75
90,10,67
70,59,27
19,40,65
74,73,65
43,38,70
24,98,17
73,82,39
10,62,79
25,66,29
58,22,46
55,55,48
11,27,93
55,86,42
38,100,34
82,17,28
84,25,28
33,55,38
59,36,80
10,44,19
83,66,100
14,36,92
33,92,88
42,97,96
96,29,65
84,61,86
82,54,32
11,22,60
80,87,70
79,48,36
52,85,28
45,39,28
90,48,80
29,95,33
58,61,43
89,70,54
21,98,58
59,27,78
78,66,91
34,48,95
70,21,38
29,14,24
35,100,20
41,60,56
85,91,74
43,35,68
17,60,85
87,17,25
57,63,68
41,95,77
88,87,26
62,47,49
98,77,16
61,45,19
44,29,74
37,13,48
44,27,74
52,61,44
40,68,44
79,46,99
24,23,91
94,75,79
30,77,35
73,18,32
100,53,56
35,10,21
78,70,83
27,62,83
30,81,15
65,67,90
36,73,94
96,15,33
97,48,23
43,96,67
46,61,67
75,47,15
61,62,95
78,31,70
28,40,38
30,22,56
30,32,57
24,84,79
42,20,92
22,12,89
63,94,75
96,81,44
59,51,65
78,41,50
42,12,53
62,67,12
71,98,61
84,93,28
67,50,91
75,75,68
83,63,91
82,51,88
91,67,61
31,84,87
31,71,28
42,39,50
51,96,26
74,97,60
21,73,46
30,99,33
63,93,50
18,66,56
92,25,99
67,25,53
38,11,69
57,67,89
36,40,40
65,70,74
16,51,64
87,74,71
31,10,83
11,77,79
68,33,65
70,42,55
64,72,89
50,43,91
16,19,97
46,44,87
87,27,77
32,93,13
38,56,32
52,82,44
35,100,61
37,51,29
42,25,36
55,19,94
55,67,46
64,41,92
30,53,43
31,15,24
63,87,74
24,95,47
52,41,86
20,92,66
47,72,84
95,16,76
12,60,27
95,68,68
84,16,37
22,44,100
47,13,29
74,49,26
61,21,41
89,66,20
34,41,49
18,59,11
69,22,30
10,56,37
23,64,20
48,34,89
50,18,23
17,10,45
14,41,89
53,19,33
58,45,82
54,46,13
32,47,76
50,73,32
40,100,75
24,22,19
41,45,77
30,81,81
29,11,57
51,28,99
51,83,45
17,30,18
84,79,14
90,12,67
67,82,70
35,100,71
99,69,14
56,87,41
54,100,42
94,89,58
40,63,37
94,44,80
63,70,16
78,27,69
49,82,25
41,11,77
33,53,47
11,76,42
95,32,65
23,32,81
75,28,90
72,65,100
69,47,85
36,99,31
63,53,100
56,41,24
50,88,94
84,29,54
22,68,30
87,67,35
51,75,26
13,30,57
94,62,99
37,82,31
97,41,97
96,13,76
79,85,69
95,46,89
99,50,10
22,97,85
90,42,74
20,38,60
35,89,23
10,33,47
25,77,56
51,88,43
87,28,15
68,77,94
13,52,96
72,41,83
77,57,66
41,26,78
38,14,51
34,45,59
44,64,10
41,13,67
44,43,49
57,34,84
78,61,100
29,23,79
15,63,66
28,78,86
79,56,75
28,16,59
65,73,84
48,82,13
91,44,60
11,43,64
11,55,42
92,79,26
82,72,37
69,49,31
38,59,66
84,74,60
26,25,70
72,52,63
48,13,15
56,11,92
94,98,80
15,79,71
12,73,97
98,30,37
46,14,32
54,33,23
94,15,83
70,73,41
26,22,95
96,60,32
84,69,84
82,52,99
11,79,75
39,67,23
10,23,91
23,19,55
89,86,99
53,25,80
11,72,92
81,64,65
40,10,29
10,40,37
77,61,74
86,70,42
82,84,92
18,52,90
34,41,53
50,52,42
81,85,84
62,63,84
15,55,79
72,58,69
19,17,77
35,43,73
15,39,32
98,34,54
66,33,72
53,77,64
23,47,11
20,66,80
64,30,17
25,66,46
28,97,89
22,17,66
95,52,22
73,45,89
58,77,57
60,12,77
65,26,14
78,31,84
49,84,88
27,76,29
35,27,37
31,85,38
93,29,19
85,30,39
36,19,86
35,80,36
53,71,48
93,53,42
96,19,21
38,38,86
30,11,27
59,27,34
89,48,69
12,49,49
45,42,37
64,44,50
73,53,75
65,41,65
48,100,53
37,40,34
96,91,46
13,26,34
32,25,92
66,50,100
57,41,44
67,86,75
42,78,91
44,31,43
30,88,40
99,43,45
21,29,92
50,27,36
72,77,86
59,47,24
50,86,55
90,70,81
82,49,74
81,100,63
43,52,71
48,89,33
11,82,87
32,31,31
52,78,34
43,36,60
80,81,92
15,27,100
86,50,61
38,17,44
91,63,97
64,45,25
81,10,61
65,30,39
98,100,21
79,33,20
62,11,76
45,23,59
89,15,95
13,16,99
19,46,29
60,10,65
30,12,73
40,40,33
39,86,86
46,99,92
43,24,83
96,23,77
33,23,40
82,35,99
80,42,39
38,85,52
17,93,90
66,70,61
92,97,59
36,13,40
29,58,32
53,18,56
46,81,51
11,54,80
58,73,47
22,79,19
56,67,67
35,63,71
46,47,24
41,93,72
27,31,28
89,32,58
34,98,57
22,86,12
22,66,38
25,53,47
96,40,35
36,13,15
39,82,80
62,84,33
41,72,35
21,26,29
56,91,73
74,65,77
16,78,51
17,29,78
37,21,34
95,96,27
46,48,45
18,81,96
20,90,27
68,82,54
100,31,74
91,89,70
62,37,48
57,57,18
18,45,82
53,72,89
97,49,24
93,86,65
86,98,17
52,96,30
24,17,34
54,34,37
80,61,46
71,75,86
11,26,44
17,14,79
58,83,26
42,62,49
22,43,37
68,10,32
89,59,21
93,47,10
74,84,57
62,71,35
94,13,15
72,52,48
84,25,24
89,36,65
50,12,82
48,67,17
57,49,62
97,35,11
26,44,41
91,96,21
84,51,75
45,26,54
16,37,75
36,14,60
82,84,76
33,44,27
60,42,23
49,80,32
81,32,93
13,34,94
56,12,18
94,76,35
97,89,80
67,88,49
83,57,33
28,80,99
93,11,39
53,27,89
67,44,56
48,82,76
32,11,96
34,18,56
66,48,40
23,72,43
45,29,59
69,48,36
96,88,83
55,17,67
85,76,96
98,30,70
31,19,65
71,82,22
22,37,14
38,70,53
80,52,52
94,77,12
15,62,78
79,28,74
84,82,22
82,95,75
54,65,63
86,19,69
82,15,43
73,40,84
10,13,46
59,69,100
33,79,96
37,94,66
15,35,16
18,13,86
80,38,50
76,57,10
17,100,51
41,36,31
43,29,82
64,92,85
16,23,12
61,96,56
74,20,14
39,34,96
72,83,93
28,17,48
19,43,93
53,79,84
26,77,85
11,77,68
76,78,66
69,42,21
51,99,76
58,53,79
13,13,80
50,68,51
37,90,40
59,60,65
43,11,75
41,80,87
67,19,22
86,27,90
24,23,43
38,91,26
73,92,90
91,42,52
22,33,43
98,88,16
93,88,84
33,50,40
64,50,44
74,64,12
17,51,47
32,35,91
84,100,54
85,63,83
43,66,42
69,99,94
66,26,98
80,16,90
56,46,82
36,89,58
22,29,11
37,53,74
21,32,96
33,15,64
56,26,44
55,49,23
17,56,32
70,61,95
38,86,56
92,40,16
95,18,77
51,29,25
44,51,87
64,76,86
78,10,76
92,23,53
66,74,42
37,13,41
85,35,76
17,46,11
38,95,94
78,52,54
99,77,67
34,25,34
77,11,67
29,91,99
60,23,58
63,32,99
19,11,57
34,92,28
79,72,10
17,99,12
52,38,77
57,24,15
15,21,16
67,48,98
62,86,36
18,64,19
57,61,33
100,97,48
19,90,54
50,52,38
45,56,96
64,20,77
89,59,47
21,71,89
68,10,57
92,92,91
34,92,95
86,32,78
86,64,23
88,45,85
69,90,95
51,100,13
30,41,17
69,98,100
23,77,10
49,12,64
12,31,22
45,95,66
79,59,23
32,54,25
84,26,95
89,90,97
27,10,19
37,39,12
78,41,32
11,33,26
89,60,65
48,60,19
39,52,59
80,24,44
11,12,25
14,32,66
26,59,59
96,33,51
16,18,59
60,99,65
48,96,28
72,55,24
74,74,57
71,71,80
82,76,31
30,50,49
76,63,49
44,91,57
10,72,57
57,39,44
61,92,88
30,37,47
32,56,37
11,77,85
64,54,80
32,37,78
95,12,67
63,88,24
83,44,80
92,44,81
17,68,82
30,89,30
64,92,32
70,67,38
55,44,29
34,91,46
67,67,28
93,52,78
58,96,98
36,58,86
83,97,56
91,13,39
15,93,54
92,78,34
40,99,98
84,45,66
100,64,98
100,58,86
100,20,26
98,64,29
11,67,86
50,68,62
62,35,66
57,74,61
45,50,57
31,79,60
31,73,22
47,48,67
38,81,100
80,29,28
68,38,34
64,100,43
61,59,34
76,85,61
59,94,98
58,93,18
18,42,62
87,72,70
77,10,17
36,43,67
27,10,40
11,27,17
31,44,34
86,94,45
47,12,15
97,21,66
29,59,43
90,32,12
77,15,55
67,97,98
62,36,55
37,55,70
31,49,67
28,49,53
11,11,54
47,97,95
13,21,15
56,18,16
71,43,77
36,74,44
38,20,10
68,55,53
80,18,22
100,92,37
71,37,15
34,40,72
19,12,46
51,67,15
65,28,85
70,85,89
75,13,41
76,43,38
94,50,75
26,19,66
39,83,26
10,69,99
63,85,42
69,61,58
10,21,58
41,50,25
64,92,45
71,57,56
87,28,86
74,73,40
83,62,83
66,58,40
24,48,49
68,38,65
45,61,20
68,86,46
90,47,60
45,16,21
57,45,47
13,95,63
66,89,38
73,85,58
65,14,96
95,99,46
66,59,11
39,43,60
62,53,73
33,19,34
42,15,79
53,18,65
30,73,98
43,64,84
61,78,58
95,78,94
45,92,88
72,78,96
65,31,60
17,81,12
65,76,20
80,63,44
17,52,16
57,89,98
54,82,27
69,62,51
62,29,83
25,58,54
31,76,95
36,50,37
70,47,94
80,38,64
80,96,42
67,32,37
25,32,87
58,68,14
53,31,21
100,80,29
35,86,94
40,45,43
18,38,68
96,84,63
88,43,19
88,35,25
49,23,67
100,25,37
45,84,62
100,94,33
65,17,97
75,20,82
34,42,70
34,35,60
52,86,41
98,13,64
53,55,25
93,52,83
89,34,82
30,76,72
83,25,71
12,99,50
89,53,81
98,63,19
18,36,86
94,69,98
16,51,41
46,76,69
26,50,63
14,11,95
84,41,98
71,88,83
26,95,46
25,20,44
28,91,39
36,71,23
17,17,13
17,15,16
88,34,33
68,25,64
49,65,82
50,26,80
18,87,10
21,85,25
63,40,26
46,79,12
89,43,36
70,80,44
83,90,32
38,28,55
13,41,75
10,10,19
31,30,30
87,69,49
59,26,33
44,99,86
21,87,54
24,85,12
71,50,52
18,35,51
98,76,87
11,76,69
92,98,44
64,28,70
83,25,45
74,85,30
75,16,25
97,19,50
27,14,10
84,78,60
79,36,91
91,67,59
74,78,69
15,73,40
39,14,42
91,96,33
70,63,64
66,62,43
75,94,43
88,57,45
33,37,74
22,71,55
81,87,98
42,86,30
90,33,93
93,74,83
92,10,63
93,78,45
16,32,51
38,85,49
23,66,69
92,20,32
62,81,57
21,66,63
12,53,85
17,41,26
67,79,13
73,77,26
42,34,14
69,47,59
25,24,84
67,86,86
79,15,97
72,61,45
82,64,86
25,18,32
55,68,93
96,69,38
95,38,90
22,45,76
79,49,39
39,40,81
73,47,98
39,85,65
23,32,92
67,53,52
94,19,20
39,73,49
83,74,38
19,88,23
76,40,60
55,62,57
97,25,81
70,59,87
75,86,96
90,29,45
89,38,18
20,68,97
52,42,49
58,53,89
23,45,25
84,54,78
70,43,74
73,75,41
58,46,70
57,46,33
86,13,38
26,28,38
40,88,87
41,62,36
11,21,73
75,75,13
27,91,39
58,86,26
79,48,13
88,55,86
25,12,58
92,19,71
73,57,96
41,23,24
78,73,55
41,29,99
60,93,14
37,16,19
38,43,24
92,95,14
17,95,15
96,47,50
46,51,94
51,28,25
85,56,11
31,65,27
100,87,24
14,100,36
46,93,56
94,66,47
65,62,48
47,96,11
56,46,52
96,10,91
89,100,41
57,29,61
23,41,82
18,87,99
10,94,79
90,78,42
33,41,97
48,71,50
64,59,73
50,88,49
27,55,66
47,68,13
16,14,100
19,84,78
32,95,66
95,30,67
51,61,47
95,72,18
33,62,81
28,52,12
37,80,65
42,30,53
64,13,94
53,23,66
16,26,49
61,69,82
46,57,56
38,45,79
94,77,26
31,50,80
92,83,30
86,61,45
67,34,84
88,53,14
52,87,94
72,55,54
11,96,74
79,20,10
57,20,99
12,61,88
37,29,95
95,80,66
16,95,66
94,26,50
39,93,68
94,96,79
30,94,38
93,80,51
20,18,43
66,60,33
89,74,10
83,70,27
98,26,14
66,91,68
25,33,59
49,99,82
54,31,38
46,15,51
31,79,92
89,73,46
58,71,77
94,97,87
26,57,64
76,82,78
15,60,85
93,65,88
38,69,96
40,67,34
13,69,13
28,52,73
40,51,31
87,45,55
89,85,63
97,72,57
24,64,71
45,60,68
14,34,89
93,16,50
38,44,17
78,22,74
71,97,33
24,60,81
86,61,28
68,25,62
63,41,17
13,11,51
31,22,41
38,44,36
77,21,38
88,85,27
73,42,15
56,25,61
96,48,47
77,78,17
44,26,15
100,28,13
62,46,99
60,15,58
98,19,10
87,86,12
22,49,97
43,95,43
14,13,96
48,16,35
22,85,31
27,58,81
41,41,43
27,66,47
12,46,100
60,94,17
95,15,37
92,86,74
54,49,37
51,96,66
36,20,66
78,14,72
54,17,40
97,96,79
92,59,56
18,26,11
70,76,48
82,30,73
67,31,13
90,13,22
66,17,22
14,55,59
77,44,71
91,46,87
39,77,25
71,52,64
90,86,28
91,58,45
60,74,80
39,54,26
28,81,84
61,91,87
51,86,55
11,92,66
11,62,35
100,26,75
51,94,68
91,68,32
84,71,86
19,76,37
93,44,97
48,94,66
61,57,46
37,42,26
19,97,42
62,47,12
85,29,91
54,25,83
72,10,45
58,35,58
47,46,79
33,47,75
35,62,32
25,92,21
26,19,95
30,83,100
13,92,72
34,71,55
28,43,52
69,41,38
18,92,25
86,78,25
63,63,10
18,10,22
56,75,79
73,38,94
15,83,90
46,14,93
14,60,98
88,36,28
45,64,38
38,25,51
94,63,69
35,74,17
81,43,26
75,82,55
79,28,82
82,94,82
55,67,53
32,92,68
61,97,31
77,61,47
76,85,84
15,17,49
61,55,47
64,45,63
28,51,65
72,12,70
78,66,57
80,83,63
83,11,92
73,11,63
11,76,26
63,29,54
78,73,51
30,16,56
11,27,15
20,43,89
89,30,98
56,20,15
59,12,57
28,16,99
62,62,68
10,39,23
39,91,65
96,55,84
88,72,88
23,88,99
59,45,15
25,34,46
53,35,24
59,33,57
89,60,44
30,10,80
35,70,47
95,34,85
43,11,55
14,61,56
43,13,65
92,24,14
51,76,70
93,77,42
15,26,87
100,15,65
40,76,38
74,45,30
28,35,45
83,88,33
27,92,10
19,20,25
62,87,73
78,23,11
23,73,53
92,19,12
70,71,18
15,32,65
73,15,56
49,67,62
63,22,74
17,66,92
73,41,47
82,94,46
11,43,94
30,34,31
88,46,78
44,75,20
24,90,45
60,27,28
100,36,15
14,25,60
72,91,98
38,61,84
45,98,66
40,18,81
72,87,45
100,10,20
61,14,97
76,94,70
36,27,100
91,66,11
10,35,86
38,51,36
52,15,12
75,37,62
34,85,82
73,13,19
49,44,80
54,32,50
42,46,95
84,27,10
69,94,20
82,81,73
69,45,83
65,91,33
94,58,18
81,90,44
93,72,80
85,69,62
57,96,29
76,23,79
42,22,86
59,64,92
24,97,26
69,92,71
95,40,84
72,24,74
84,44,63
51,69,99
74,42,72
71,41,21
73,43,48
84,44,98
95,96,80
31,47,52
73,60,59
45,94,90
22,96,17
19,67,18
59,71,61
75,31,80
28,59,18
50,99,97
78,63,91
93,74,66
75,68,61
61,76,65
23,48,100
15,45,51
40,72,16
30,22,70
77,11,37
76,69,54
53,23,16
94,23,38
77,77,84
15,24,97
50,14,84
26,24,46
80,78,92
21,100,36
59,88,51
67,46,78
68,68,31
77,98,62
13,38,46
75,86,43
42,88,81
15,10,71
32,23,15
65,94,48
52,68,75
34,22,82
73,37,61
16,56,47
29,25,22
92,97,13
68,43,20
75,75,44
79,32,31
85,33,69
16,73,86
72,73,46
54,49,75
62,56,68
68,20,56
94,87,46
14,35,78
31,95,96
66,47,64
96,86,43
66,38,82
19,95,67
99,73,50
89,11,95
64,29,98
50,13,30
65,33,92
80,58,44
10,35,58
68,60,14
90,36,92
70,74,98
25,65,94
37,67,49
50,27,35
51,85,23
67,98,48
60,69,58
72,69,15
52,19,89
22,14,32
15,24,13
72,98,80
47,96,78
88,82,16
10,26,18
41,97,42
13,15,86
92,45,70
89,84,50
65,36,26
54,43,92
96,11,53
14,57,78
94,44,67
99,67,30
45,55,74
100,94,89
24,99,38
84,27,46
67,75,61
45,100,65
98,43,92
46,27,22
88,69,58
46,75,100
41,96,25
17,21,78
38,65,19
12,75,33
62,51,94
33,42,44
89,64,95
22,80,100
10,78,34
84,45,89
98,99,86
77,92,63
99,93,36
32,91,71
15,58,51
71,87,30
91,72,46
75,50,30
29,25,92
59,61,56
93,92,11
73,57,65
34,56,11
47,74,49
40,80,83
14,63,76
68,75,98
28,77,55
17,79,73
75,71,72
19,61,18
24,19,90
20,66,58
20,31,21
11,40,34
22,75,12
53,60,51
19,10,41
62,29,49
13,85,16
58,92,24
74,21,10
56,17,44
39,65,55
11,39,71
85,67,63
72,42,84
27,49,65
99,23,74
94,38,38
66,66,53
87,12,41
21,13,29
95,50,69
63,96,16
66,39,37
47,47,97
63,15,26
41,24,91
61,88,35
11,91,53
85,67,67
52,94,66
75,93,94
31,22,34
55,85,37
85,33,22
74,93,25
35,38,53
65,97,97
24,33,66
45,55,32
25,36,28
43,76,19
52,31,80
36,98,19
21,15,30
69,53,88
42,81,50
10,43,83
72,11,85
14,46,76
89,46,25
94,48,64
95,29,19
84,53,86
92,48,36
82,89,20
93,82,67
33,10,78
77,95,63
94,70,18
48,76,44
75,30,23
45,42,28
31,93,58
53,51,32
38,40,72
62,38,34
20,36,43
93,57,50
60,71,94
16,55,40
34,75,45
79,10,96
90,38,10
82,94,76
76,69,55
16,97,93
91,73,15
93,58,19
43,65,76
99,38,32
39,53,39
90,33,45
78,35,64
28,95,34
41,86,13
75,43,11
100,82,32
47,20,17
23,93,99
99,35,27
69,97,69
13,92,28
77,58,96
54,40,67
28,98,31
79,95,58
88,68,74
37,42,28
25,34,45
41,63,43
42,42,70
95,100,53
32,34,19
55,74,100
79,37,14
83,71,85
53,98,15
52,34,77
31,35,32
56,33,13
59,80,13
17,51,54
63,62,82
64,30,62
25,46,44
38,50,93
66,92,55
79,84,71
73,12,18
97,15,72
33,21,24
31,92,100
15,78,67
65,69,48
71,40,62
58,40,87
72,11,11
50,42,53
90,24,89
89,93,75
54,67,28
55,43,45
27,41,53
78,60,91
64,22,93
50,68,66
93,98,70
18,86,91
67,77,68
47,96,87
78,94,13
56,26,48
73,75,30
16,40,71
43,84,81
42,23,64
77,51,58
34,79,36
75,93,11
19,22,83
30,47,52
82,14,53
16,87,48
42,23,59
65,49,93
70,19,35
35,74,39
70,92,81
73,82,18
51,19,92
68,32,14
53,72,83
46,92,25
56,28,68
12,93,51
18,18,80
22,34,29
29,84,11
53,47,53
71,42,94
39,42,17
57,60,67
72,85,11
66,87,11
29,72,93
26,59,39
99,86,97
75,36,91
33,90,32
68,49,94
66,91,87
25,67,40
48,93,71
96,83,45
97,62,80
29,29,19
10,67,58
61,57,12
48,13,30
15,47,62
83,16,68
47,36,17
99,46,95
61,96,51
29,89,66
15,21,28
73,62,71
57,21,45
76,10,52
72,63,79
77,25,68
85,48,38
95,53,14
50,64,41
50,23,33
79,77,17
27,70,98
47,33,61
69,26,60
19,52,22
80,86,34
75,99,47
32,46,84
78,32,82
60,75,96
91,85,98
55,86,98
82,86,100
26,47,94
55,25,37
20,65,91
36,20,10
70,92,24
27,96,30
57,53,41
83,42,88
30,51,30
55,42,78
97,61,93
82,51,52
58,71,82
16,20,90
19,10,95
79,52,84
81,76,58
33,45,68
24,29,97
64,18,20
83,22,77
65,56,23
100,78,96
84,58,76
99,65,74
75,79,88
59,53,17
40,69,65
23,91,67
46,23,25
31,51,30
50,19,63
52,38,84
15,57,68
42,99,53
27,24,26
42,44,92
54,10,23
62,100,25
55,28,63
62,50,65
76,85,82
80,91,91
84,49,37
94,19,78
65,77,51
95,90,97
44,83,43
53,98,62
75,97,34
94,95,66
77,95,57
28,44,55
32,78,12
12,57,24
94,55,43
100,60,10
10,31,37
25,73,74
58,56,87
11,22,83
79,33,62
34,21,95
32,75,47
65,59,61
30,99,93
66,70,71
20,23,47
71,46,24
15,71,46
46,73,28
81,81,72
83,32,71
66,35,60
58,21,47
63,51,26
28,56,32
40,98,63
87,67,23
73,60,88
43,84,57
63,74,68
52,76,100
76,31,65
72,31,61
37,55,30
98,96,27
93,62,55
86,29,61
77,95,17
46,36,93
80,24,51
99,93,82
75,34,86
60,25,55
76,90,77
15,28,70
12,18,57
95,18,62
51,38,94
17,26,71
69,59,20
63,64,41
47,97,86
12,80,87
35,53,96
85,62,78
78,12,40
16,24,43
47,58,51
99,46,84
36,49,46
41,22,26
90,24,32
80,61,68
35,63,55
78,82,29
33,15,54
25,16,64
36,98,91
90,82,99
73,86,38
50,26,91
90,10,79
54,78,27
72,35,99
10,20,93
77,62,88
58,41,79
36,82,98
34,90,58
61,56,90
85,30,99
71,58,43
90,81,40
83,12,95
64,41,58
99,59,69
15,29,70
91,99,83
66,15,21
53,30,13
48,28,43
67,100,90
29,77,90
31,78,14
91,55,59
64,26,11
19,45,66
11,12,93
80,68,11
68,26,59
39,95,10
10,51,26
98,95,13
34,30,90
43,85,41
24,80,85
23,32,64
76,86,59
85,90,65
25,55,65
83,15,20
25,69,23
26,65,14
41,94,86
89,26,15
62,48,22
45,65,17
17,84,71
27,95,64
70,53,61
19,22,17
65,25,93
68,52,98
31,92,62
19,66,28
60,83,57
100,95,68
64,47,21
64,85,28
10,97,40
10,94,10
55,74,23
99,30,21
23,42,92
80,71,27
44,94,74
25,57,11
61,35,11
97,73,96
62,40,20
46,64,87
67,61,32
70,39,12
68,17,45
93,30,65
23,76,46
100,67,77
83,53,24
62,71,38
17,84,64
57,44,60
29,68,82
54,42,97
13,20,90
56,24,68
66,74,68
55,73,60
90,76,87
77,46,49
100,97,14
72,53,40
48,34,19
29,50,21
76,79,55
77,62,24
71,29,95
58,68,65
69,70,28
29,44,62
73,33,14
32,29,91
53,46,86
49,99,14
63,32,31
96,35,50
43,59,18
87,32,26
12,55,22
85,36,90
79,24,70
60,99,54
35,15,19
58,49,69
28,41,89
12,55,17
20,48,81
33,51,31
61,30,33
16,92,77
100,68,64
78,23,41
72,34,69
45,51,78
95,78,21
61,57,33
23,24,80
77,26,89
33,32,86
58,42,43
76,15,94
93,22,21
62,42,64
66,51,43
34,76,21
30,21,42
44,70,34
71,15,95
92,77,95
30,38,88
46,95,53
69,20,37
48,65,100
18,50,83
25,92,84
50,56,38
95,41,83
70,23,12
99,81,68
18,30,22
12,48,31
54,39,53
16,86,43
78,85,60
40,66,26
82,25,56
78,39,60
49,36,33
42,59,70
88,66,56
100,87,14
37,85,30
46,79,34
34,87,64
76,48,98
29,94,85
54,74,36
27,52,49
56,33,49
95,72,13
54,98,17
96,90,30
24,86,38
29,13,79
96,34,86
72,65,76
85,22,38
13,70,32
92,60,73
63,81,47
17,29,34
35,31,57
82,58,60
37,98,23
15,92,57
18,64,23
61,63,74
52,64,31
18,95,84
90,35,39
52,11,90
79,88,19
86,42,81
10,64,35
28,25,33
18,55,60
31,98,26
76,24,72
82,44,25
16,81,77
95,38,80
39,96,90
52,70,64
45,29,83
18,63,13
91,74,73
32,30,57
47,38,79
12,66,89
96,37,81
51,60,84
78,79,59
83,17,37
99,64,26
56,91,82
52,80,65
62,28,17
61,20,23
17,80,55
36,33,44
92,56,96
85,13,50
86,55,48
54,49,15
17,72,91
66,43,61
79,66,27
57,15,24
51,21,66
59,18,91
53,40,93
90,46,81
57,40,50
19,50,35
46,36,22
60,34,39
89,37,95
86,59,27
69,78,43
20,100,79
95,52,90
86,41,53
16,12,99
54,87,22
21,82,52
58,27,43
62,55,26
17,39,80
87,89,70
82,28,82
41,31,97
97,45,38
80,33,34
13,60,56
27,44,97
21,89,26
79,81,25
66,97,49
52,36,72
76,69,39
95,38,46
34,22,78
19,24,71
85,16,16
20,88,78
60,98,84
69,94,99
60,48,85
98,59,41
84,31,17
72,44,78
98,72,11
60,97,84
44,86,97
71,68,74
38,14,58
76,69,65
61,73,66
51,79,95
94,91,84
100,92,58
40,50,10
58,79,88
26,89,12
74,25,59
86,33,88
30,60,95
41,30,71
82,87,45
10,40,42
93,19,98
63,29,89
45,66,38
82,61,16
84,22,85
40,90,64
93,91,46
46,82,98
27,30,75
60,59,47
84,53,56
50,35,87
41,15,54
68,92,71
12,36,80
15,36,51
99,45,19
86,44,65
90,35,84
31,17,96
80,78,56
77,28,88
49,82,38
55,55,67
78,72,72
35,16,42
46,70,39
18,99,25
28,94,53
41,46,10
72,29,48
36,87,69
