Incoming_Order_A,Incoming_Order_B,Incoming_Order_D,Incoming_Order_E
96,19,42,67
30,37,44,90
64,81,68,33
48,55,30,38
79,20,40,95
10,19,72,77
42,88,37,10
92,88,94,11
51,46,62,72
99,78,48,96
88,25,82,55
99,95,46,67
94,14,70,89
37,88,97,86
86,61,69,76
21,89,84,69
81,91,89,60
32,22,22,48
18,33,53,44
95,28,23,10
85,82,49,88
57,13,58,72
89,82,28,95
62,87,66,62
50,35,32,16
71,21,94,33
48,67,39,53
68,89,42,48
65,41,30,56
19,77,41,52
97,45,33,23
79,57,64,29
71,91,45,10
39,27,51,15
12,78,35,74
83,18,39,12
98,64,99,73
35,100,73,72
69,59,89,74
34,49,82,57
27,15,15,76
48,84,58,18
70,36,62,91
57,74,90,57
87,54,31,55
25,42,38,53
99,31,81,40
37,10,38,34
31,22,83,70
82,74,56,44
90,24,91,93
99,50,19,79
11,42,95,65
28,51,37,93
68,47,29,66
56,88,31,59
29,13,82,60
38,58,88,19
11,12,96,74
68,77,95,15
58,42,17,22
65,53,32,26
37,53,96,35
90,91,82,63
75,97,39,73
96,10,94,73
46,31,46,47
99,60,86,24
51,62,32,15
76,21,33,48
41,73,78,36
93,20,73,19
15,63,68,48
10,29,52,21
53,84,30,85
52,18,62,16
12,41,46,17
93,88,68,29
94,47,84,70
56,41,85,23
59,94,51,16
60,13,83,18
86,56,14,76
93,36,79,30
32,13,81,89
92,26,89,44
72,19,62,84
75,90,99,100
36,39,56,72
58,81,19,88
25,84,70,39
45,26,72,81
10,56,52,88
24,22,14,64
79,26,74,66
56,52,91,89
71,37,54,39
16,74,28,58
89,44,47,70
45,61,72,35
15,66,63,23
53,25,31,17
84,14,24,84
56,59,33,94
12,12,20,45
86,25,88,70
23,18,91,90
97,26,55,51
12,65,46,82
29,18,87,25
93,46,92,38
39,32,96,75
100,52,15,53
60,70,22,29
66,46,83,91
41,53,95,73
90,45,17,70
20,37,68,94
25,69,49,22
74,81,41,29
95,61,71,45
88,39,88,48
89,40,69,25
25,78,78,55
19,67,13,54
47,51,58,29
10,88,99,38
26,90,67,81
54,16,61,89
91,81,84,43
64,39,49,29
51,15,94,41
97,17,32,68
51,76,53,98
50,41,19,15
41,55,76,36
24,36,92,41
80,83,75,21
33,66,41,93
50,79,47,98
91,15,80,47
49,25,90,42
95,74,20,88
59,60,69,53
94,10,68,37
51,20,93,19
78,63,72,57
17,54,76,12
68,19,54,82
55,100,29,77
62,98,75,34
10,30,74,61
18,27,84,78
68,59,71,57
15,27,47,99
82,59,15,77
39,56,60,67
96,73,82,97
32,79,54,47
71,29,64,71
36,57,46,22
15,65,66,83
29,66,38,44
94,11,14,46
81,21,32,92
69,36,36,19
93,36,49,81
87,93,59,78
89,41,23,85
78,86,15,12
76,29,20,44
30,35,67,64
58,90,31,63
78,26,96,56
87,13,44,75
56,84,84,19
19,18,32,74
69,14,13,38
17,67,66,51
35,16,50,36
73,85,91,68
39,47,33,43
22,39,58,45
30,35,59,68
41,58,29,79
17,13,52,28
53,45,63,10
21,91,83,73
53,75,76,59
94,74,73,99
47,45,34,79
16,17,10,40
11,33,38,82
86,73,30,48
93,55,56,100
15,60,34,30
50,19,38,75
40,76,32,20
37,60,29,74
98,100,91,84
32,60,27,27
82,55,22,63
46,56,77,46
15,64,70,36
36,60,47,66
58,47,78,93
25,72,73,36
69,67,92,56
75,46,65,47
17,84,88,91
23,96,45,30
34,44,95,46
58,73,22,66
61,26,56,22
11,71,36,34
31,45,32,72
40,10,55,91
14,80,65,52
86,75,62,60
83,81,41,39
68,90,13,87
73,15,24,31
12,63,59,75
14,91,39,52
93,16,38,50
24,69,69,78
38,20,23,17
87,47,69,54
70,86,85,21
73,55,88,42
19,27,20,49
58,71,62,53
85,73,74,79
79,91,92,33
78,51,50,99
90,44,68,73
76,37,60,79
12,85,86,61
37,90,65,95
91,75,80,48
55,24,66,23
86,68,14,78
34,17,68,33
66,23,79,69
17,20,36,85
56,21,47,49
48,66,13,74
95,17,79,42
47,71,68,67
46,88,13,80
56,51,27,14
14,45,78,74
79,10,41,92
62,71,66,54
100,16,79,84
67,18,62,25
68,100,20,47
27,73,66,74
48,22,78,32
94,55,13,45
17,23,69,12
58,77,81,96
34,84,99,94
35,15,95,33
15,100,84,87
16,86,89,21
25,71,54,90
50,35,32,50
22,37,67,48
63,13,90,38
47,71,43,50
11,15,80,29
49,60,11,33
61,37,82,75
71,46,81,19
60,76,39,78
17,29,78,29
66,85,65,32
51,75,69,56
100,23,19,14
81,16,35,46
34,69,32,76
44,83,67,27
66,35,14,71
79,76,73,81
73,70,60,20
86,80,12,89
100,90,81,73
14,11,81,87
91,15,48,82
28,60,15,42
77,52,91,31
59,84,52,87
56,62,50,31
97,84,20,27
77,18,64,70
75,46,65,13
67,41,35,42
35,15,56,11
78,54,30,12
46,86,72,53
83,71,80,40
26,76,72,37
40,15,66,12
53,67,21,39
75,56,56,13
52,66,77,80
60,42,81,32
51,23,91,27
25,23,58,17
49,76,29,42
68,74,89,75
79,32,17,64
21,65,57,83
66,42,34,23
65,100,87,58
73,69,69,84
60,73,79,49
20,10,56,86
88,40,74,12
18,67,58,96
74,87,89,39
96,14,56,50
54,61,71,91
73,80,38,16
22,98,52,86
98,11,75,39
10,60,38,86
36,41,30,63
27,91,17,36
44,75,41,86
34,43,68,93
71,87,58,40
64,77,72,81
96,96,90,28
86,89,95,29
44,10,20,27
86,68,31,77
78,60,43,80
79,91,15,61
37,81,65,48
95,30,20,49
70,39,32,12
28,40,86,95
41,66,47,21
52,79,18,65
66,16,20,20
52,76,48,38
74,29,60,72
32,73,50,77
16,67,45,62
69,20,88,78
32,71,63,10
76,99,89,17
64,47,46,75
37,13,29,37
28,48,66,50
18,48,69,56
43,96,91,42
40,96,79,54
69,42,89,86
76,53,99,43
97,69,76,14
29,66,88,26
88,29,18,20
100,88,17,35
11,15,62,68
32,89,38,38
56,23,12,41
34,92,10,57
19,82,84,55
35,34,67,80
52,39,90,41
51,73,90,48
86,58,49,12
34,96,62,50
77,44,99,51
22,44,77,85
75,74,94,71
46,34,90,69
59,42,31,12
38,38,91,96
54,23,97,19
34,19,48,11
61,39,91,28
39,83,84,85
82,30,29,47
67,76,86,73
25,100,61,17
43,34,82,88
29,17,52,79
97,22,89,12
37,38,98,67
86,48,16,86
49,61,45,57
93,63,41,77
27,32,32,57
70,63,84,45
32,37,96,95
25,39,33,35
50,20,39,81
98,71,16,62
96,11,45,64
78,62,13,90
64,92,10,65
18,15,88,85
14,98,38,17
96,90,41,87
87,80,67,97
72,44,32,25
23,28,30,69
59,100,97,45
72,33,63,46
55,88,56,28
69,60,92,74
79,41,81,86
80,49,61,82
63,34,20,16
60,76,87,86
96,77,52,28
31,19,98,52
92,38,64,24
92,11,26,79
54,48,60,10
100,86,41,38
21,78,88,68
76,19,41,17
28,13,67,36
93,18,68,84
34,46,61,78
99,98,76,28
56,70,72,67
35,69,62,80
18,24,42,23
32,86,46,71
65,66,90,10
39,86,75,77
63,79,75,84
40,55,46,32
27,72,39,11
51,94,28,89
15,45,68,16
91,38,49,98
33,50,95,64
73,51,83,96
22,21,91,84
91,85,91,51
34,45,98,49
35,47,26,23
62,50,29,56
12,70,67,20
27,70,57,28
64,15,41,89
100,49,49,44
93,21,54,85
80,91,88,83
86,14,93,23
82,49,48,66
90,31,84,60
28,19,78,72
35,40,29,53
73,94,22,33
48,85,56,23
27,55,51,90
93,56,61,25
58,95,51,94
59,100,26,86
48,17,16,71
87,98,77,49
65,57,26,97
30,44,22,85
95,23,73,47
58,21,62,21
32,59,93,80
74,75,49,87
72,85,76,52
22,46,38,94
18,49,66,24
61,80,24,68
84,24,52,96
100,97,52,36
97,83,20,47
87,65,23,68
100,72,82,29
89,95,28,83
87,52,54,95
96,75,15,92
19,76,61,89
97,24,40,30
76,71,62,75
96,81,87,30
13,64,97,43
72,38,82,55
55,82,25,41
61,63,97,64
84,45,63,51
16,35,17,77
46,36,73,24
21,87,15,80
55,72,69,84
17,37,35,35
74,26,51,69
73,60,89,19
90,20,77,78
35,10,40,65
44,65,38,16
88,38,48,41
82,49,88,31
36,98,72,38
89,21,76,70
83,44,100,75
95,82,84,85
36,70,42,28
51,49,86,32
56,100,78,89
47,64,37,20
34,12,65,11
12,15,64,93
46,84,95,62
75,79,98,67
40,36,20,52
45,90,76,78
21,91,41,42
40,64,89,31
79,20,47,32
46,62,16,80
20,50,37,87
42,30,64,100
80,79,86,72
89,49,56,17
86,95,88,95
27,97,42,54
92,32,89,84
62,56,58,19
64,55,19,45
98,16,87,48
35,38,45,17
34,53,14,99
12,85,31,40
43,68,92,72
40,52,83,100
69,26,47,52
24,93,98,43
61,81,91,37
35,61,38,96
83,24,30,33
97,68,97,16
44,57,75,31
59,79,23,73
49,27,61,49
67,98,41,41
26,16,60,77
58,67,14,26
24,98,80,57
15,26,74,86
94,10,14,70
84,41,79,62
56,62,59,90
49,15,32,78
52,63,14,19
71,71,58,88
51,44,25,60
24,23,53,83
54,20,82,92
68,51,18,12
100,99,94,35
91,48,66,90
40,46,31,62
86,78,67,13
95,95,55,59
57,73,15,43
15,92,90,91
62,51,61,95
82,38,41,24
90,68,81,15
79,41,30,15
82,89,10,63
86,45,34,95
57,22,13,89
45,72,41,19
25,22,43,11
53,50,84,45
80,66,75,51
69,68,36,27
57,74,26,39
50,95,24,74
10,83,36,14
50,30,43,31
43,16,76,66
27,65,83,20
63,28,60,21
60,43,41,95
10,96,61,24
36,81,99,59
82,88,95,17
44,40,14,93
41,23,42,56
37,10,65,29
11,83,25,73
16,19,52,12
59,10,61,93
63,78,51,25
21,75,22,82
34,74,57,64
89,79,98,64
28,19,83,70
16,30,49,12
36,75,49,19
28,81,22,59
87,99,65,36
35,15,56,71
68,75,65,48
50,74,39,58
40,55,27,50
50,64,18,32
29,14,75,89
71,37,76,50
53,41,91,85
25,22,64,87
77,73,74,74
89,21,83,43
72,93,68,10
92,61,62,42
45,20,68,58
86,91,42,37
22,19,15,90
93,61,51,78
32,58,70,66
58,89,44,91
69,47,77,18
73,71,63,98
47,25,30,70
21,29,100,16
75,55,36,29
88,69,100,73
81,16,64,64
49,21,25,42
81,28,99,32
69,93,47,76
21,27,22,81
20,89,86,21
84,69,98,34
47,58,34,91
62,48,44,60
58,88,57,11
73,24,17,15
77,43,61,45
48,22,52,58
48,25,70,26
67,32,93,100
12,24,19,84
66,85,32,87
28,64,98,98
14,35,19,24
31,16,28,86
84,35,14,25
94,15,96,49
22,100,62,45
76,88,41,95
88,95,41,60
38,81,52,47
52,23,27,47
23,58,60,64
97,84,22,79
96,14,87,69
46,85,46,35
28,59,72,30
95,32,50,42
81,94,31,10
67,84,52,15
10,26,40,60
57,52,83,52
42,20,95,46
92,31,99,91
65,43,34,33
25,89,27,32
23,82,20,45
19,98,58,16
98,83,89,87
25,44,93,91
63,32,16,93
37,34,78,61
78,53,19,45
74,65,96,100
50,96,83,11
92,12,80,76
40,42,49,41
13,25,35,71
88,72,80,97
29,26,20,38
44,61,64,49
86,50,50,60
33,79,95,26
56,10,28,99
44,28,42,63
22,41,89,51
21,54,13,60
79,81,62,63
66,75,94,18
71,39,72,89
51,50,47,21
51,48,10,58
49,88,47,68
55,23,86,35
72,97,79,34
32,32,29,23
30,16,46,55
30,60,26,19
52,43,91,90
13,55,42,16
54,82,40,13
12,88,93,41
62,85,10,52
78,10,17,23
86,61,73,51
51,80,88,70
97,100,17,75
79,42,71,70
55,14,31,66
17,51,92,55
46,96,28,91
84,94,84,28
95,35,25,62
77,33,66,54
11,47,51,32
72,67,47,73
48,31,63,78
61,66,62,32
22,80,80,48
47,55,65,46
34,22,63,83
62,12,73,100
81,22,44,80
13,53,29,72
42,22,92,66
72,62,52,19
78,74,91,66
67,13,96,81
18,83,12,90
88,51,55,63
81,84,79,74
24,24,82,47
40,98,22,40
88,89,81,37
18,53,72,52
59,73,57,83
45,57,97,23
33,92,24,61
61,10,47,27
94,25,78,84
67,63,36,84
18,47,44,22
48,48,71,72
46,43,13,15
91,30,72,89
47,29,92,42
88,39,48,44
76,31,28,30
62,55,98,74
15,10,41,18
98,81,18,96
93,19,72,79
27,17,46,96
18,73,85,84
19,29,87,98
87,56,95,27
38,98,88,42
66,57,81,10
14,59,58,80
17,95,49,10
32,32,35,81
78,46,73,13
95,89,16,51
10,92,77,70
33,79,10,30
93,90,61,18
76,79,58,64
77,79,74,45
91,21,84,71
80,10,94,16
49,18,52,42
44,77,18,54
37,70,94,29
86,50,88,47
49,76,50,13
100,28,17,52
86,12,83,28
50,96,14,12
73,52,78,47
81,53,94,65
34,44,26,57
48,62,66,72
98,83,54,34
54,71,28,98
22,72,25,63
40,72,87,61
29,34,62,87
98,18,36,58
74,96,42,92
94,98,53,95
85,72,17,52
96,98,75,30
94,100,88,86
31,22,59,23
98,57,78,41
23,76,81,11
51,33,87,22
72,98,29,78
18,44,88,50
78,42,45,74
29,41,33,11
60,80,78,79
81,50,91,49
96,28,100,88
72,71,81,22
24,51,37,95
48,80,98,27
39,90,72,35
81,40,13,21
46,81,41,95
65,71,16,81
30,98,16,58
94,90,89,49
20,78,41,92
35,99,90,78
54,15,69,53
86,79,47,34
19,59,16,41
89,90,97,50
36,83,22,43
17,86,66,75
91,12,64,85
68,40,63,15
84,58,21,90
14,61,47,25
64,46,73,66
59,33,35,75
98,98,66,20
18,12,41,64
18,78,55,49
74,58,93,70
18,90,21,53
65,15,56,21
45,73,31,23
69,40,95,76
17,80,42,83
55,39,97,86
12,53,90,51
88,12,71,39
89,38,23,84
36,96,17,31
46,15,52,90
29,100,53,12
44,88,27,33
97,42,10,63
94,86,49,27
30,51,75,27
22,99,95,92
21,71,61,88
17,53,55,98
32,68,60,24
72,15,63,49
15,18,97,98
17,46,36,34
81,65,24,33
46,100,93,94
85,67,49,16
48,20,38,51
90,26,75,95
92,68,66,16
37,87,13,17
20,77,46,30
79,61,38,73
69,57,60,95
78,52,57,32
46,81,75,28
52,37,75,15
55,55,23,55
40,65,81,12
26,17,68,36
49,92,81,80
20,32,72,62
73,64,81,96
29,16,70,30
40,35,93,89
85,74,55,21
70,51,44,64
24,86,74,12
19,28,82,89
33,62,40,96
37,86,29,60
42,13,22,92
61,26,96,87
26,62,26,92
49,54,11,87
64,28,50,75
11,83,80,29
25,22,86,26
96,13,50,50
63,41,67,62
84,73,47,16
54,60,45,90
87,93,86,76
96,39,87,45
29,11,75,97
24,29,96,87
34,94,59,47
76,56,84,53
36,80,66,34
57,77,14,23
59,38,70,40
93,84,46,17
99,99,72,76
49,62,33,44
66,42,58,58
79,80,13,75
93,37,35,70
87,57,80,28
38,33,49,58
10,43,28,47
99,55,82,32
86,64,75,22
75,37,78,18
13,61,13,97
73,92,25,55
10,87,17,53
85,87,84,71
40,32,97,31
32,49,93,93
47,89,10,42
39,71,18,93
36,83,54,88
22,53,83,96
78,23,46,68
74,38,52,41
40,33,21,41
71,28,20,71
84,12,59,66
33,12,72,91
67,25,84,68
48,55,54,99
38,92,43,33
19,45,95,33
56,30,60,36
90,46,46,36
22,74,17,78
57,100,51,61
41,73,18,68
82,86,76,44
84,18,44,24
63,15,35,18
20,94,88,95
26,12,36,70
39,63,12,80
55,35,16,92
26,54,77,90
45,56,78,71
41,81,15,74
86,52,85,17
68,40,86,72
57,39,49,41
100,11,17,29
27,52,18,38
97,23,29,39
32,35,84,94
80,25,82,27
29,53,51,29
64,21,60,97
76,20,45,54
11,93,81,90
18,43,63,91
93,95,58,71
66,14,67,10
42,78,78,48
69,73,59,66
97,77,30,56
58,94,54,96
14,28,37,12
30,81,83,50
97,61,46,46
98,48,72,30
94,91,12,36
97,93,50,28
74,11,37,90
25,43,94,12
69,40,92,76
33,51,51,16
52,60,34,80
51,67,32,59
88,71,13,49
87,71,27,86
97,40,34,56
51,89,66,37
10,78,68,14
98,99,53,48
52,72,80,19
38,15,98,26
64,73,84,72
89,72,70,34
16,38,18,34
17,48,37,99
49,96,86,54
50,88,52,32
90,51,86,12
53,57,44,34
34,62,69,98
69,63,52,87
95,54,75,41
73,61,78,70
14,22,25,22
33,52,90,19
36,24,52,20
16,93,35,45
38,71,89,85
50,72,78,83
56,31,49,23
27,92,47,80
77,33,67,27
100,25,74,90
99,50,92,13
42,72,69,32
55,66,72,23
19,50,22,53
80,80,81,22
10,49,18,56
77,42,79,42
63,29,42,30
58,71,94,78
90,27,14,62
91,58,76,80
10,31,22,29
49,73,91,15
71,13,71,16
45,55,39,18
18,32,52,28
89,25,74,93
69,57,85,10
71,78,13,24
16,28,14,62
27,67,40,87
88,28,87,85
77,57,46,65
94,99,49,70
68,68,96,25
21,70,73,99
76,82,81,52
33,90,74,93
47,85,49,66
56,54,64,59
70,85,80,42
69,28,78,79
11,25,47,83
81,95,73,91
51,60,75,43
85,76,75,79
65,31,21,64
13,83,45,27
15,37,55,11
80,14,41,88
43,17,31,76
50,51,18,58
26,94,90,68
22,36,38,86
35,37,69,52
58,38,43,98
11,98,67,79
94,93,95,65
59,96,43,53
20,72,74,47
14,71,96,44
32,34,80,41
79,13,21,73
18,38,94,75
64,12,90,67
80,48,40,52
20,85,60,32
95,26,73,75
50,84,41,94
73,18,72,62
66,88,75,95
43,28,19,29
83,73,69,53
63,86,70,90
83,42,91,33
75,28,99,29
11,16,72,43
42,25,23,27
80,91,63,50
80,85,73,86
93,99,64,85
40,88,98,80
82,29,89,60
53,80,15,34
23,76,60,67
30,45,50,88
46,28,50,52
96,52,58,26
51,91,31,83
27,63,34,95
45,71,65,35
15,38,26,19
57,40,29,42
50,38,90,46
37,42,96,29
66,80,91,82
88,86,35,88
89,25,16,15
62,72,90,26
68,87,36,92
23,18,93,22
19,16,17,20
29,12,66,41
39,63,24,47
16,49,86,85
56,49,14,10
37,100,64,52
32,84,42,68
14,69,20,36
63,38,72,93
48,96,39,81
77,84,13,41
51,79,19,59
29,10,64,15
18,56,17,50
86,60,48,23
14,58,83,28
50,100,60,56
88,38,79,91
53,88,11,30
69,52,41,67
89,40,65,82
75,92,100,92
11,20,42,31
17,70,83,32
32,86,10,17
55,71,97,51
11,71,56,79
11,89,46,87
13,45,53,36
80,12,64,13
46,11,36,72
37,22,85,27
100,97,31,36
36,57,75,39
100,35,16,26
24,23,44,68
98,30,70,57
82,40,35,58
39,55,16,54
24,57,97,18
25,82,63,85
23,80,75,35
11,21,34,15
26,17,58,38
19,75,38,33
37,84,51,35
98,65,30,18
87,73,35,84
95,64,38,27
46,99,69,100
97,42,17,14
56,33,16,85
42,73,72,61
65,55,17,63
39,85,61,79
68,15,12,31
69,81,94,83
18,59,52,10
56,19,98,37
45,16,33,58
38,40,46,37
94,22,47,73
42,97,77,11
78,72,53,34
58,79,37,36
91,88,49,80
84,52,97,92
84,39,59,29
72,81,22,26
33,34,87,35
28,64,68,81
82,44,81,98
66,57,55,83
23,82,89,45
65,24,71,46
40,82,78,43
15,13,12,61
22,55,77,91
51,28,12,98
96,99,13,99
31,96,56,92
42,58,26,50
24,87,95,59
59,73,44,75
76,51,42,79
28,15,11,59
45,81,45,39
73,97,39,97
87,19,42,14
12,98,77,38
87,95,21,41
35,51,16,90
71,30,84,97
86,94,57,60
55,71,21,34
82,55,80,46
74,38,95,99
17,97,99,65
45,33,88,98
73,51,54,11
65,11,95,71
68,64,10,98
23,74,93,26
98,50,95,85
11,12,33,25
52,23,12,33
27,41,20,96
62,39,68,93
54,36,68,28
46,92,99,78
76,53,78,49
100,76,95,48
42,35,61,98
66,94,88,76
17,34,65,40
75,99,67,58
31,72,34,93
43,20,96,96
61,22,97,72
35,73,41,22
30,82,44,23
70,67,90,60
81,27,72,41
84,20,61,35
62,62,90,38
13,85,86,22
31,74,100,79
58,67,78,35
34,90,21,39
96,55,39,65
58,66,92,49
25,87,79,11
100,82,30,59
14,72,85,93
61,72,43,20
81,95,88,21
17,52,62,24
73,74,83,90
34,20,63,31
20,75,57,60
46,45,24,12
17,35,12,66
29,78,15,93
95,24,76,26
45,64,14,73
29,42,34,73
55,13,34,61
10,76,33,36
74,44,27,89
33,35,93,80
86,35,58,56
30,17,40,40
77,71,77,38
31,16,82,68
69,73,95,96
15,36,47,70
94,87,40,14
65,20,75,30
56,35,85,35
79,73,88,47
13,59,90,20
67,92,49,34
57,77,51,34
95,78,59,41
42,93,26,85
50,90,78,17
67,92,67,38
53,56,76,74
86,68,50,68
75,74,37,89
81,61,48,88
28,19,60,69
69,11,59,24
30,97,19,64
91,14,30,48
54,89,98,99
91,30,11,47
69,93,25,89
71,92,37,69
65,53,26,40
97,16,60,56
92,45,90,93
97,20,72,94
18,12,61,36
60,49,34,91
17,76,44,94
86,24,62,86
43,65,15,59
98,58,59,82
10,87,43,72
61,65,89,67
26,80,13,54
83,93,11,10
47,73,48,22
83,42,51,93
41,48,15,48
65,64,91,60
94,23,13,48
98,40,43,28
79,71,81,81
69,88,23,74
79,57,81,19
83,44,65,98
99,28,64,10
35,67,94,40
15,63,61,29
88,65,40,69
49,78,75,25
81,95,52,98
75,26,48,67
30,74,54,67
42,28,81,81
71,95,86,18
88,74,85,73
70,61,60,67
64,38,19,96
97,98,40,23
80,75,67,11
53,55,21,85
99,75,18,87
78,96,94,44
63,20,38,56
78,92,58,53
78,91,45,87
92,71,10,86
44,95,28,29
47,19,39,20
74,15,34,81
36,83,57,46
47,76,51,19
47,88,31,12
93,88,61,43
40,80,63,100
17,99,76,65
98,58,31,86
47,70,17,63
48,22,59,21
71,50,75,41
27,60,27,87
81,92,84,75
67,17,100,67
55,20,98,88
49,64,30,24
45,24,97,25
36,100,52,99
13,49,85,97
78,16,56,80
22,69,69,62
81,13,64,88
40,83,34,25
90,49,67,21
76,84,54,64
87,61,25,36
22,80,72,18
78,20,16,59
73,96,76,93
63,86,88,10
52,42,29,79
36,67,65,84
35,15,83,85
25,58,28,40
62,88,38,69
91,68,88,37
58,26,93,57
27,36,63,37
16,20,99,67
57,18,25,59
52,24,26,75
100,45,38,20
57,64,43,60
65,67,71,83
85,64,42,39
97,95,31,37
12,76,100,27
62,54,15,46
59,83,88,65
74,13,73,77
42,56,89,45
15,36,13,37
82,18,65,31
66,42,34,58
77,27,56,14
90,69,27,41
13,18,37,95
94,72,26,23
92,16,58,24
14,35,51,60
48,91,74,61
80,77,33,37
88,92,13,96
28,93,46,91
40,33,68,56
86,56,80,70
29,76,87,88
73,37,51,38
49,35,16,35
41,85,74,34
40,39,73,44
65,95,10,15
29,13,96,67
38,56,18,48
100,57,34,74
53,58,95,81
92,12,91,10
92,22,83,52
25,38,56,52
23,61,84,75
30,26,94,89
39,91,42,62
92,45,35,32
76,95,95,85
24,19,58,66
49,26,47,53
13,15,10,69
59,83,45,52
27,49,59,21
13,76,79,58
64,95,70,77
29,86,26,78
39,33,76,57
72,23,32,48
24,60,78,23
83,50,22,61
76,36,69,59
93,16,95,13
12,18,51,64
55,69,38,74
11,81,32,67
66,43,11,38
25,20,17,74
83,68,26,91
17,58,21,83
98,79,50,72
97,61,32,55
73,39,73,44
33,83,30,91
27,75,70,54
75,45,38,29
97,69,33,48
32,55,48,91
68,76,70,92
77,17,88,17
26,52,95,60
93,45,69,87
41,57,56,40
95,13,49,28
78,79,22,71
97,59,14,90
54,10,88,54
17,17,29,75
73,16,36,15
68,87,75,87
29,98,63,35
19,55,74,30
95,91,77,96
58,76,49,10
33,33,38,38
60,44,51,95
24,51,16,32
39,58,98,24
54,54,63,94
82,94,39,56
71,63,16,96
92,67,78,75
77,64,25,40
23,70,76,93
61,60,96,100
36,78,41,36
11,91,22,34
32,13,42,34
100,81,63,65
10,70,74,93
84,37,51,13
89,26,96,20
35,77,17,16
99,62,51,61
48,81,41,72
75,51,47,61
53,38,50,18
70,35,89,76
42,94,16,58
60,25,50,43
93,81,89,28
49,20,26,53
79,73,78,25
88,59,90,44
53,68,64,11
62,35,59,66
59,47,51,30
99,50,61,20
95,80,13,75
38,18,43,90
60,78,23,94
65,87,49,12
89,38,59,27
21,56,24,94
56,27,20,99
91,14,42,43
70,35,16,30
89,25,63,95
10,44,35,58
78,30,52,26
81,64,82,24
50,34,70,74
79,57,79,88
83,36,96,70
10,76,94,75
53,46,60,48
57,94,44,21
19,14,50,31
36,30,98,27
88,100,63,75
47,66,74,63
27,98,86,82
61,27,77,85
35,88,94,64
75,57,76,74
60,62,64,76
11,37,96,95
55,73,31,37
100,50,11,100
68,65,26,74
24,31,84,49
18,97,86,14
43,45,19,82
74,85,70,29
84,13,98,50
69,90,67,87
20,65,48,28
31,56,46,50
87,96,98,92
12,25,67,92
12,32,35,20
84,81,55,57
60,77,80,22
56,61,29,61
44,20,65,16
84,82,68,18
27,16,61,49
100,97,39,26
22,78,46,54
57,47,30,71
10,32,42,43
81,44,51,76
17,91,91,90
77,11,95,68
46,84,85,60
63,53,59,14
78,80,77,74
87,97,24,86
88,60,65,95
86,51,32,34
24,81,15,27
46,68,81,99
84,48,74,21
55,13,58,25
55,58,13,17
62,84,14,26
91,54,44,57
65,12,69,90
71,62,10,72
40,95,84,89
76,66,55,87
49,23,98,35
16,84,30,21
40,17,44,68
71,100,62,40
29,71,62,23
11,84,12,98
86,95,33,83
93,97,37,20
76,50,80,55
33,46,78,82
39,76,21,47
47,39,100,41
25,60,91,34
79,11,84,31
75,85,52,48
46,16,65,28
55,15,54,41
19,18,76,78
18,66,61,56
20,49,35,13
13,71,46,59
24,60,97,69
77,48,78,68
90,98,34,17
52,77,71,74
85,41,41,23
24,49,57,95
52,14,78,82
19,38,83,93
61,77,88,82
59,41,84,72
74,23,47,28
54,25,51,95
68,63,97,36
44,57,100,50
82,64,41,74
40,30,11,88
92,25,40,22
30,86,14,45
85,92,36,64
60,87,96,79
55,88,53,36
47,98,91,31
68,79,52,24
18,45,89,69
22,74,19,77
100,44,91,59
48,44,43,42
95,18,27,87
36,30,10,46
89,30,10,86
28,44,60,89
88,59,50,72
56,36,85,99
15,44,26,21
38,94,44,51
24,49,76,72
74,38,86,69
42,100,15,69
16,16,29,68
31,61,99,23
21,79,18,30
29,96,19,12
72,52,62,57
67,65,16,18
78,77,67,100
11,97,74,41
71,23,69,79
97,55,86,76
63,99,13,76
93,95,99,49
59,38,98,54
24,55,23,31
47,56,55,35
51,38,93,92
61,62,75,96
88,91,84,98
43,53,55,96
12,90,20,15
85,62,45,97
10,68,27,64
48,35,29,81
92,82,36,34
48,95,76,50
84,31,61,41
76,89,46,22
47,93,31,19
80,64,68,58
72,96,74,39
74,86,34,71
36,59,53,79
35,96,77,49
68,26,62,93
98,63,93,27
95,45,76,93
88,25,95,99
38,25,20,55
77,16,15,100
12,67,61,29
85,39,21,62
88,34,80,55
83,12,81,16
62,65,36,72
69,40,80,41
76,95,54,83
97,73,38,25
32,76,13,91
88,47,51,93
60,34,83,47
23,25,29,56
60,82,49,94
11,64,86,94
22,10,75,75
78,29,18,10
35,93,91,66
11,21,64,13
50,92,56,54
91,95,53,54
92,53,13,66
50,51,90,35
55,73,43,89
19,10,20,45
25,33,97,100
40,74,61,82
74,97,57,54
18,31,53,63
30,75,92,60
21,23,43,36
70,43,43,71
19,53,11,20
76,46,75,70
41,48,54,26
89,68,45,17
93,28,93,94
86,64,56,49
39,83,53,48
13,82,86,48
47,12,30,88
63,88,37,16
66,18,18,90
29,37,91,22
50,37,26,48
91,35,16,87
44,10,22,77
30,65,10,26
62,71,44,59
50,64,70,78
62,100,87,50
79,65,92,50
78,13,54,41
18,24,28,66
16,34,16,67
94,83,14,36
13,91,36,92
69,97,90,13
94,41,23,31
35,68,71,58
10,59,51,70
74,76,72,65
30,44,47,99
18,64,75,60
39,11,21,86
25,50,49,91
44,79,22,37
67,58,71,22
44,53,36,85
81,31,61,76
75,30,45,16
84,38,79,51
56,59,75,74
14,75,18,85
66,69,50,59
82,86,61,100
87,23,13,91
40,92,73,50
62,70,54,95
22,65,12,28
56,30,57,65
27,37,61,28
29,60,70,42
33,87,64,100
73,26,30,10
22,65,90,36
55,96,60,56
76,40,69,96
94,88,36,34
89,55,17,25
27,15,63,89
18,58,85,43
27,53,35,24
85,36,40,70
90,79,23,89
59,39,94,22
12,12,91,88
80,32,93,34
14,45,37,38
87,28,78,14
53,63,91,28
25,98,19,20
36,54,77,84
71,97,19,41
49,48,57,86
17,67,94,60
97,65,87,86
57,24,57,73
38,73,95,59
43,36,44,82
41,24,56,95
35,79,95,79
19,50,31,67
81,53,94,10
76,97,85,56
10,52,25,38
86,81,100,79
29,58,52,17
74,99,96,63
63,48,74,53
18,15,95,28
14,83,55,45
28,85,77,35
46,29,43,71
50,78,36,68
50,19,37,87
38,93,27,27
69,31,70,23
44,96,88,25
74,12,34,71
28,41,93,91
71,52,59,99
49,98,48,16
22,33,48,73
40,68,33,76
34,20,48,54
57,16,26,72
93,47,78,23
93,92,23,13
84,64,99,69
85,91,10,58
78,82,34,45
88,83,59,79
81,59,81,45
55,45,32,39
41,91,81,19
38,49,16,75
54,72,42,65
76,19,78,59
94,32,70,68
83,46,46,20
87,84,14,13
54,31,81,53
82,93,83,37
97,43,48,37
69,47,100,73
61,84,42,35
83,76,62,57
64,89,64,72
50,78,87,79
52,22,12,70
19,98,49,45
33,81,48,75
82,41,41,34
99,78,53,38
44,74,30,86
50,71,30,97
51,39,83,76
95,76,69,78
86,92,46,37
88,49,46,71
77,23,58,56
48,24,84,43
99,13,43,92
52,30,95,47
64,17,39,29
75,37,17,10
48,65,100,25
65,82,39,93
73,60,41,45
43,84,47,75
37,94,14,28
90,100,92,41
21,70,19,22
33,78,92,97
80,65,84,14
75,98,79,48
54,11,60,11
12,91,41,76
91,19,95,32
32,29,13,84
96,68,65,63
29,33,24,62
72,64,91,67
68,37,56,72
74,22,62,68
32,40,78,84
57,27,45,32
57,58,38,72
17,66,81,58
40,52,91,100
41,44,19,99
93,31,86,63
23,80,48,96
90,75,21,27
66,65,89,25
47,74,24,95
19,33,59,77
79,64,44,73
40,78,47,11
71,30,55,46
60,12,18,16
74,86,29,79
43,56,41,100
100,33,30,14
94,43,78,19
79,94,40,70
37,38,18,79
88,61,11,73
92,66,47,21
26,90,87,25
37,68,69,23
73,15,23,91
70,63,82,18
86,72,18,16
22,19,21,71
48,87,14,24
12,78,73,10
39,97,98,90
32,83,55,61
62,87,100,76
56,66,67,67
67,94,84,89
40,81,17,27
41,72,22,24
56,13,23,26
32,96,62,73
85,28,12,41
22,93,57,41
17,23,58,61
79,25,41,20
48,85,47,94
95,47,75,92
69,26,47,16
33,86,13,76
50,28,58,53
90,20,69,30
41,38,68,82
79,80,56,40
70,34,60,64
93,32,92,57
89,67,92,39
59,64,79,12
63,77,36,85
84,83,23,85
59,64,64,41
39,59,24,24
28,73,31,32
58,99,68,49
21,46,87,23
42,62,86,29
17,30,62,93
90,40,47,22
65,44,70,38
65,45,60,52
60,63,23,22
95,46,38,46
33,50,22,18
20,88,31,16
24,84,64,90
80,33,98,94
63,64,17,63
43,10,82,52
26,45,97,38
43,100,61,90
27,42,83,68
52,71,69,100
34,78,93,26
14,61,72,64
64,35,81,32
10,50,89,98
42,97,38,20
16,60,81,96
21,20,31,37
68,24,48,74
14,29,69,32
36,100,28,11
52,68,29,16
39,76,81,86
13,67,14,96
57,41,11,98
72,67,36,80
77,73,61,20
56,36,92,49
55,62,90,25
39,89,34,81
13,45,31,42
59,52,33,27
96,74,87,91
48,43,69,21
72,56,68,63
34,81,18,12
95,50,20,67
59,50,61,18
55,97,92,60
79,33,59,42
39,89,61,36
98,73,86,74
92,34,60,10
47,55,57,64
85,63,82,60
80,71,78,11
45,79,37,59
18,37,24,92
94,28,25,30
16,16,66,59
19,60,76,11
43,49,27,32
58,35,23,83
67,40,34,29
47,77,44,23
78,78,28,34
19,27,23,93
60,94,82,78
71,50,56,15
40,88,75,91
28,12,91,36
50,30,70,67
70,58,58,13
12,82,25,55
21,61,71,91
46,32,69,96
18,64,94,91
17,44,69,66
34,80,31,54
38,68,64,69
25,41,77,23
48,34,46,46
22,94,100,79
78,57,86,46
83,10,10,60
49,35,65,11
27,47,46,71
49,65,93,74
69,38,34,32
40,36,48,91
50,84,81,70
91,80,71,92
67,45,69,29
21,25,20,98
63,55,47,91
18,78,94,33
50,38,67,82
62,55,51,66
18,13,38,43
51,18,99,41
31,54,82,80
13,43,97,25
87,14,44,94
31,21,41,32
69,50,38,71
92,70,59,33
15,97,95,33
20,92,54,58
96,34,16,21
56,70,90,15
36,15,14,28
100,40,77,94
23,69,26,95
17,57,81,17
36,71,47,62
69,42,16,65
94,72,47,89
13,40,73,92
42,64,46,46
90,49,69,58
27,41,40,41
74,30,96,10
95,33,63,73
48,81,94,62
38,82,64,23
29,87,89,20
93,62,33,32
79,39,85,14
41,95,41,92
22,82,54,82
88,84,14,39
37,76,73,84
34,57,48,35
93,18,81,100
64,89,48,24
49,74,32,87
75,75,95,57
97,81,90,72
68,34,50,98
70,63,84,96
44,28,22,85
23,48,31,13
12,81,24,16
10,99,21,53
37,74,45,96
56,11,23,18
91,54,70,19
16,18,46,95
98,20,43,95
61,43,24,34
53,75,24,76
61,39,93,32
97,60,74,95
25,40,92,43
13,81,30,60
96,61,21,65
53,78,76,75
77,92,57,20
44,59,19,90
79,55,85,29
62,95,14,24
34,43,65,36
67,47,35,63
19,43,59,22
93,76,86,62
19,38,94,89
14,76,14,84
49,19,88,68
62,35,59,27
48,25,50,22
27,28,53,83
86,35,53,66
85,45,98,40
53,93,64,37
78,55,74,48
36,87,78,44
59,58,55,36
24,28,99,62
65,33,72,33
51,56,37,42
82,29,20,96
83,68,25,92
28,60,19,82
38,80,68,69
63,99,95,43
53,89,73,57
87,66,84,70
46,43,76,23
92,32,77,32
26,83,39,97
100,22,18,15
49,26,20,47
67,100,19,68
13,36,67,75
49,81,42,41
41,50,46,46
49,27,24,74
85,25,59,80
96,77,33,98
69,98,52,65
93,33,64,33
21,87,87,29
60,29,30,50
51,74,40,85
76,60,46,29
83,58,82,62
71,80,34,62
76,21,65,23
60,33,33,86
53,60,77,43
42,86,60,66
89,78,42,42
75,94,16,30
47,38,99,82
49,56,23,48
12,21,33,83
38,70,55,23
29,27,12,95
17,19,64,42
28,53,73,76
39,12,91,48
82,30,59,14
16,35,40,19
43,33,26,83
45,93,96,100
47,97,43,39
91,11,75,66
62,63,56,15
38,55,53,42
25,89,78,74
43,82,80,49
27,85,18,48
40,65,94,99
57,44,75,60
19,99,60,61
60,69,32,80
38,84,96,32
76,83,32,28
51,58,31,46
62,43,63,88
80,65,81,95
12,64,75,28
83,56,92,85
21,39,22,49
81,41,83,46
37,38,18,98
26,36,47,74
53,48,96,81
73,78,88,90
78,66,83,75
91,26,63,31
93,54,25,43
87,96,48,12
11,40,28,86
47,55,28,96
23,87,43,54
72,44,89,89
70,66,81,93
14,61,30,24
65,27,60,11
98,24,89,31
25,58,64,43
93,93,36,40
10,86,60,78
16,45,51,69
63,76,58,96
72,56,13,68
29,26,16,67
82,35,86,20
88,38,22,29
18,38,35,50
20,24,28,32
94,76,24,78
27,39,13,57
35,37,49,85
51,58,94,38
67,25,93,87
85,60,93,90
32,52,39,36
73,47,18,31
89,97,61,45
34,28,35,37
33,74,43,93
78,56,78,68
32,99,34,42
88,68,67,70
49,53,15,38
29,31,16,94
75,22,41,35
17,64,65,86
85,85,44,75
19,76,11,15
21,52,85,21
90,42,48,24
24,17,77,20
64,14,86,42
58,69,71,31
81,42,13,85
45,98,36,55
62,67,18,70
38,12,75,81
77,66,62,91
58,11,11,31
79,62,46,41
51,47,32,89
58,81,52,65
17,48,64,44
69,67,75,15
89,14,33,75
13,15,16,64
86,94,58,29
35,67,69,87
95,93,37,37
12,32,98,40
69,78,71,50
89,34,67,67
26,95,68,13
57,24,98,73
37,56,37,68
51,77,48,93
19,27,40,81
82,47,94,87
76,76,57,42
39,42,76,35
91,84,90,12
88,47,30,15
24,39,85,83
36,23,20,62
47,53,12,76
82,44,59,91
50,79,50,60
26,100,34,35
80,95,78,51
53,18,97,33
43,18,69,16
12,24,75,14
45,93,40,17
76,21,21,49
76,31,29,31
57,49,23,46
74,75,16,40
56,73,67,96
93,95,71,97
82,17,12,100
55,41,14,73
18,65,97,40
49,82,50,72
97,99,87,52
13,52,21,69
50,92,74,76
83,24,80,32
38,47,56,31
64,29,15,31
88,74,86,27
33,60,82,40
56,65,37,10
34,21,60,13
38,86,79,21
54,28,14,67
31,84,66,29
30,76,11,50
33,11,95,32
61,44,83,97
99,86,70,95
65,96,29,44
40,60,30,81
22,61,38,29
38,33,19,95
49,45,29,98
44,88,41,29
69,80,41,41
51,80,32,73
15,36,65,43
68,99,61,49
19,16,21,63
12,48,15,14
97,98,85,15
63,56,31,82
41,74,40,22
47,54,34,60
57,94,100,50
57,51,43,81
71,52,73,28
17,75,18,35
96,86,84,53
10,93,71,41
70,31,38,73
50,55,38,100
59,35,70,74
38,40,90,84
29,100,85,50
28,60,55,20
56,77,21,21
57,78,92,96
10,31,55,79
100,15,32,39
29,12,56,97
40,70,35,77
30,56,28,79
90,37,23,13
80,52,27,34
61,100,45,98
49,82,42,47
45,18,47,96
60,43,98,11
32,36,61,53
40,22,11,70
63,41,11,94
67,72,64,100
21,59,40,89
83,93,35,92
49,45,23,63
83,100,19,15
75,34,85,25
22,15,56,78
33,78,86,85
64,51,52,99
14,48,37,41
58,84,12,47
73,32,67,83
97,16,28,18
50,50,72,73
17,99,16,76
77,46,40,96
96,39,27,67
80,96,49,77
15,27,69,24
36,47,47,89
69,41,81,85
29,41,51,29
28,82,26,87
13,92,81,19
20,30,63,40
30,36,20,29
91,40,26,13
24,55,56,26
83,78,48,77
56,60,67,14
11,63,32,81
47,29,87,49
88,28,77,61
25,89,15,54
55,74,39,81
26,42,35,21
78,90,24,59
93,32,17,88
77,36,33,81
15,53,34,54
23,63,40,62
74,20,14,76
44,30,72,49
42,72,58,62
15,41,31,93
34,47,14,28
89,28,21,56
67,44,41,44
35,93,48,46
16,91,85,37
68,33,26,27
40,20,99,13
100,78,55,91
60,81,46,55
52,77,71,25
94,59,30,59
47,47,38,78
87,28,34,42
11,66,87,16
62,46,34,41
27,52,38,87
62,99,76,33
82,86,35,37
42,69,54,78
66,85,30,94
82,95,65,37
94,29,45,53
63,22,68,27
20,78,70,26
57,99,62,54
66,18,83,89
26,99,56,34
94,69,36,22
37,43,15,21
13,14,91,62
31,24,32,24
39,65,53,33
60,92,34,28
74,53,44,83
33,57,68,59
61,16,15,40
22,63,18,14
90,60,17,22
63,68,28,97
20,40,97,83
71,74,68,36
12,32,99,18
39,49,24,17
94,43,80,93
54,75,24,30
46,41,70,19
71,50,32,93
15,58,54,79
11,65,57,10
61,58,60,57
54,81,89,91
72,72,80,85
91,93,26,37
19,56,87,55
65,80,19,18
24,24,67,53
83,12,92,84
28,79,40,84
61,70,91,65
37,20,38,28
15,92,42,79
45,96,80,20
17,41,79,50
19,67,33,40
26,73,97,74
60,95,100,11
75,89,80,41
73,19,36,32
98,24,80,48
24,92,88,68
34,91,21,78
99,65,95,84
39,36,45,64
14,64,96,68
35,94,72,98
96,31,40,39
63,69,76,22
83,15,42,31
27,78,45,68
12,75,65,49
26,51,27,99
89,21,57,20
20,81,73,16
55,81,47,64
47,27,78,74
24,45,18,50
66,13,59,50
30,61,20,11
61,19,46,48
26,67,72,86
63,58,79,53
58,68,10,43
49,38,78,38
21,55,99,46
63,26,45,78
100,42,31,92
16,19,74,71
63,82,64,55
74,58,29,82
98,55,42,76
45,67,79,57
30,72,100,64
68,43,90,66
80,59,13,89
57,15,89,30
15,33,52,23
43,33,14,81
14,55,86,80
78,26,93,38
64,40,93,84
49,35,90,97
23,67,90,68
64,86,42,37
43,38,44,67
85,60,64,90
37,40,43,85
33,76,57,36
88,39,40,99
14,39,36,21
69,62,62,46
30,74,43,48
78,46,53,31
63,33,20,17
28,57,76,55
25,89,66,93
87,96,83,65
47,18,74,81
53,77,30,51
44,17,20,40
67,81,31,89
50,95,85,34
18,78,90,86
49,64,46,94
100,27,58,17
40,49,30,35
14,32,39,98
54,55,21,23
26,43,48,95
96,24,90,61
65,58,87,77
95,54,98,79
100,10,94,88
11,86,68,62
64,12,91,61
15,79,44,46
84,76,34,40
82,17,100,35
88,24,77,71
12,60,47,12
85,97,75,41
98,20,12,37
100,16,17,47
14,97,52,23
56,40,69,28
21,34,57,44
63,97,76,33
20,29,42,35
46,59,23,15
70,72,69,99
31,66,37,39
34,78,33,53
55,12,49,85
23,75,28,68
97,88,95,63
81,83,40,22
33,52,63,94
28,42,92,42
88,90,70,26
66,20,95,51
99,69,38,31
26,53,97,18
68,35,11,74
97,98,89,43
74,32,20,78
51,35,26,84
79,45,40,94
41,97,12,33
76,25,69,65
29,83,21,24
31,25,36,69
86,54,65,65
35,12,91,57
18,75,49,30
55,69,30,53
52,33,69,74
75,32,29,84
62,18,18,27
99,74,60,60
56,17,81,54
23,87,22,58
14,59,79,48
13,53,37,76
76,16,94,11
10,82,72,26
29,40,58,66
40,57,66,11
54,53,63,62
10,53,38,65
26,58,64,23
15,99,96,15
53,45,20,73
61,37,48,10
83,99,94,47
27,30,81,74
39,63,66,74
24,51,17,20
16,82,79,35
37,85,77,55
85,19,47,25
93,45,45,19
21,60,78,54
36,19,15,62
31,87,47,38
31,82,67,93
85,38,62,40
35,39,80,56
24,54,44,55
19,12,99,91
65,70,82,41
57,26,96,25
49,29,98,39
78,37,92,22
29,83,83,63
19,34,27,78
91,92,86,45
33,64,44,62
25,54,27,57
46,71,28,32
79,58,83,69
91,12,85,92
49,42,52,89
36,82,55,19
99,81,80,81
76,52,63,44
79,80,14,18
30,10,18,91
46,86,77,18
91,67,41,96
10,49,95,21
98,40,71,87
25,58,84,67
25,81,77,13
19,57,27,29
86,88,70,93
39,86,52,13
14,21,52,14
94,56,53,88
89,83,86,97
80,91,29,29
70,28,32,85
53,96,49,46
10,13,68,16
60,66,49,25
96,56,91,38
89,16,75,61
45,27,78,39
90,65,78,64
65,14,88,36
43,77,81,38
32,21,67,56
63,71,21,13
85,59,15,69
50,31,13,61
97,83,96,38
70,61,25,69
30,82,99,81
58,29,68,56
62,29,92,92
47,56,62,100
74,59,87,10
45,57,41,38
87,62,57,30
23,78,61,16
90,97,59,74
88,33,62,79
31,33,20,57
53,96,24,83
38,78,42,45
28,92,39,42
96,46,32,77
56,52,72,55
69,93,42,100
66,11,34,63
56,20,60,24
45,64,63,61
15,72,40,56
59,47,19,64
37,36,71,21
98,92,82,13
33,63,91,85
35,31,18,76
24,38,62,88
19,59,84,63
61,14,27,73
91,51,61,15
53,42,62,45
30,30,12,93
81,38,69,43
85,69,42,75
81,17,69,83
16,30,61,78
85,35,17,49
79,77,24,85
12,55,83,62
15,55,24,34
90,31,83,20
21,69,99,14
64,18,67,57
59,99,76,57
75,33,41,53
33,21,77,68
77,44,52,75
56,28,13,92
85,47,58,37
55,68,82,19
27,35,75,73
61,36,56,51
30,49,85,40
87,70,74,19
46,67,16,46
64,11,69,45
99,39,50,51
18,18,71,45
70,14,34,25
66,76,87,28
64,93,94,23
77,93,96,39
50,56,52,73
14,87,91,78
86,21,63,60
92,74,20,99
79,38,21,67
20,21,46,84
94,25,20,11
45,30,63,79
36,17,98,94
20,62,80,79
70,19,70,54
33,49,42,32
99,57,50,37
43,93,78,88
58,21,69,89
90,88,29,12
37,88,45,68
94,18,59,95
10,70,21,99
89,72,63,47
81,13,81,36
51,61,22,24
43,31,58,17
91,27,76,71
82,75,92,24
94,88,74,40
65,50,76,60
83,36,24,44
36,80,91,24
100,24,35,90
13,87,19,73
16,47,83,38
69,70,99,83
94,97,90,85
19,70,87,33
12,88,31,78
57,90,97,60
86,52,70,33
30,60,10,64
94,46,83,38
67,27,83,40
40,54,68,25
41,34,23,90
76,19,52,43
22,33,96,88
75,52,77,70
67,18,93,47
42,13,38,76
93,36,100,32
63,73,24,64
81,68,14,88
70,69,89,93
85,30,39,74
16,95,73,91
91,41,80,71
100,53,51,31
63,50,98,42
64,19,53,57
95,56,48,50
76,93,41,32
44,84,60,21
88,97,45,47
90,98,45,51
55,55,100,56
93,61,47,70
17,20,41,34
30,83,87,100
23,67,29,58
32,75,52,89
41,74,88,58
84,53,89,36
84,30,41,61
58,76,77,89
59,90,54,12
78,66,79,80
88,71,83,64
24,58,41,75
12,45,23,25
76,73,78,32
23,26,53,68
83,71,80,85
45,51,35,90
60,85,92,34
16,89,36,64
77,35,78,17
53,79,73,99
55,92,71,26
22,98,80,13
72,70,59,41
31,96,61,89
41,92,98,33
17,40,66,88
93,89,62,66
98,77,52,61
88,62,62,73
100,18,62,46
63,23,99,80
87,19,23,18
22,63,29,57
100,29,40,92
32,88,63,21
36,12,81,17
36,15,86,29
89,51,62,21
59,12,56,87
78,60,57,20
19,44,16,22
64,76,62,53
59,18,66,28
60,80,50,73
39,70,71,100
38,47,47,82
53,29,14,60
93,29,83,77
72,93,54,56
46,36,100,44
91,87,35,82
99,94,47,14
73,79,37,21
29,26,25,11
76,79,68,32
53,81,34,70
23,50,15,79
60,70,74,11
18,43,31,37
39,13,68,96
16,80,37,33
13,97,40,33
79,89,29,33
73,98,75,87
29,11,42,37
35,44,74,94
11,70,36,66
31,19,57,75
38,28,53,10
96,83,13,71
51,98,47,82
22,36,56,54
21,59,40,65
29,82,40,67
96,64,29,51
63,17,75,95
32,12,70,67
11,17,14,83
99,88,52,62
48,16,53,30
39,74,27,55
99,78,58,97
57,61,44,23
69,29,45,65
40,50,14,19
99,100,16,99
51,45,65,67
30,44,49,64
54,47,59,26
63,82,37,50
82,18,32,64
11,98,15,60
11,41,13,32
71,67,73,87
62,13,95,30
16,87,91,100
21,56,45,73
35,50,43,78
23,49,40,48
76,66,19,55
87,41,42,85
11,61,22,77
52,75,16,20
22,48,15,22
49,11,78,65
83,47,11,92
96,72,73,74
49,84,49,80
29,26,48,57
14,48,34,54
20,91,46,15
59,91,42,59
56,58,20,26
26,98,62,35
18,87,62,49
26,11,87,54
46,66,35,72
16,14,34,92
20,90,27,38
17,56,71,92
43,90,10,77
53,82,48,39
53,94,93,45
57,66,99,66
83,65,17,62
43,91,75,97
45,25,50,77
72,34,87,25
82,53,85,60
76,75,90,15
38,73,85,34
63,88,50,49
66,16,70,37
42,79,83,73
95,12,30,35
52,24,53,15
32,96,30,49
49,76,44,89
47,21,81,19
35,79,20,84
82,46,63,96
46,96,41,93
46,51,36,69
78,97,27,24
85,47,83,25
99,63,93,81
94,57,43,57
57,25,16,62
99,14,41,82
86,95,66,83
22,51,78,36
65,13,24,87
83,56,31,99
64,13,39,72
80,45,85,52
75,14,34,48
25,37,23,32
94,21,68,92
48,25,29,20
78,96,63,35
99,51,52,99
36,56,85,20
56,68,98,42
85,54,12,83
54,40,50,54
53,38,71,68
92,87,88,72
11,32,17,75
32,76,84,100
82,23,93,82
47,76,34,45
39,60,26,28
76,83,80,78
28,35,16,85
50,23,90,76
94,21,50,38
62,36,70,74
31,94,31,27
44,80,100,10
83,65,50,56
17,97,75,17
45,11,32,39
75,88,89,30
28,24,23,39
34,44,15,34
40,90,29,94
27,33,16,91
72,92,58,90
87,27,60,86
98,87,78,21
24,61,83,13
54,43,62,14
14,54,13,99
54,60,42,71
34,88,13,48
35,81,94,98
56,63,55,82
13,30,97,97
37,40,69,31
79,92,13,67
23,66,49,87
43,99,17,22
94,68,92,100
60,94,81,18
73,61,85,17
81,64,14,31
100,86,64,23
91,50,95,72
61,84,31,75
50,89,83,68
98,18,33,64
85,36,100,17
23,35,86,92
60,78,86,89
33,23,84,85
92,76,47,25
94,49,76,59
24,92,62,63
58,71,20,14
22,75,65,40
61,24,88,64
15,29,65,18
66,25,70,44
12,31,98,27
74,77,59,46
89,67,29,97
28,15,96,49
39,73,45,35
60,33,50,56
76,24,13,66
67,72,40,35
79,62,81,12
77,92,54,48
30,90,95,94
10,67,12,63
85,13,55,51
27,28,20,52
37,17,29,14
34,54,69,70
41,94,81,15
83,48,78,79
34,18,16,98
60,88,62,92
41,84,54,26
48,57,54,26
23,46,64,27
35,33,74,96
35,47,28,96
26,11,64,14
50,80,12,31
55,34,29,31
31,91,88,23
98,25,96,49
82,90,36,56
26,57,64,86
26,27,84,53
34,49,41,34
98,30,26,38
23,70,40,44
51,31,86,54
57,47,12,99
62,99,12,100
37,11,21,37
69,43,51,58
48,39,26,13
96,80,17,75
83,82,99,85
76,12,62,83
90,44,25,45
82,53,57,48
100,74,24,31
21,69,18,94
47,63,28,95
72,94,82,58
50,59,97,71
95,41,60,28
21,44,53,55
56,17,69,68
85,18,23,47
26,80,52,63
14,45,75,86
21,26,78,93
74,82,21,84
81,27,43,20
96,40,36,67
94,72,96,86
91,72,80,86
72,19,66,75
73,44,57,75
90,77,86,95
39,37,45,79
68,99,87,18
43,15,95,14
99,28,22,89
64,45,12,97
58,54,62,72
49,43,50,23
55,73,75,68
67,99,53,100
84,26,65,71
24,89,14,87
86,41,44,17
86,73,17,13
93,78,48,37
56,69,45,24
88,73,68,35
86,50,74,72
24,85,39,50
32,54,64,64
51,63,58,97
40,93,98,77
56,16,86,93
64,27,62,46
58,54,81,30
99,83,93,56
70,64,68,89
48,52,72,20
61,59,90,78
32,85,47,14
98,10,54,74
63,68,49,82
56,79,19,32
27,70,29,83
90,46,95,76
42,27,46,96
98,92,41,94
29,81,11,36
90,58,67,88
62,76,47,28
89,79,69,56
20,68,15,47
41,89,95,82
96,60,88,43
44,29,57,98
35,71,92,12
87,82,31,12
60,47,28,73
46,69,95,40
64,62,48,61
88,91,79,34
53,29,60,67
92,10,42,87
37,67,71,94
85,24,18,51
22,61,33,15
15,10,27,26
12,32,73,55
87,21,100,80
99,10,27,68
67,87,41,58
86,21,36,15
42,31,64,79
26,84,59,97
97,30,39,62
63,18,92,24
79,13,48,16
77,63,92,80
26,32,50,96
48,72,86,73
47,65,64,52
55,13,88,67
93,43,48,77
25,68,23,69
83,58,59,54
34,29,36,48
82,49,83,44
44,24,37,51
38,81,32,81
54,97,27,81
27,58,41,100
11,93,55,20
12,43,75,39
83,46,27,19
70,32,38,42
16,82,18,82
100,80,43,98
20,38,30,91
10,22,71,74
25,68,41,45
19,58,85,55
47,22,77,64
89,77,76,32
42,59,12,85
81,98,38,10
13,52,23,89
86,15,42,49
13,61,41,58
75,95,26,82
81,83,98,41
47,21,46,61
12,57,33,85
18,96,78,12
50,53,49,25
19,80,92,57
47,74,50,24
37,94,15,61
24,47,86,85
20,10,12,91
64,72,53,56
74,50,43,45
37,38,82,93
26,10,19,21
36,32,31,66
45,32,63,72
88,29,69,14
85,56,44,59
38,28,60,73
51,73,65,26
40,96,44,11
53,66,33,66
90,55,88,58
22,62,81,73
60,26,85,47
24,38,44,81
33,96,90,78
91,23,48,73
62,67,51,35
40,74,69,91
18,25,58,68
79,19,28,72
79,82,94,35
71,27,70,39
54,53,14,46
95,69,99,83
35,58,72,23
36,96,32,82
52,37,78,59
54,10,91,34
75,62,77,41
46,82,58,68
48,33,70,68
64,80,74,35
17,14,20,74
68,42,14,84
24,77,67,80
46,47,65,90
54,33,60,64
46,52,37,19
41,82,89,65
37,14,80,72
28,24,93,43
71,23,99,57
71,37,65,32
34,34,41,66
51,18,53,81
45,89,88,74
27,99,10,48
51,11,60,62
57,40,67,89
67,87,54,65
49,35,52,41
84,85,67,83
62,49,87,92
71,12,60,48
94,27,20,74
47,38,25,24
34,83,21,70
93,99,31,88
71,48,92,51
47,91,49,63
31,82,65,21
93,96,40,26
78,98,19,51
95,99,80,88
86,31,11,41
99,81,55,37
23,15,36,81
88,56,99,79
52,98,83,40
10,81,82,58
46,61,71,49
42,54,97,97
40,70,12,40
88,77,81,17
31,32,52,26
18,15,86,22
14,72,77,70
10,97,12,19
62,66,89,47
83,34,64,100
49,19,51,67
18,45,75,25
98,43,34,67
72,66,26,37
48,51,46,95
55,53,47,87
49,94,94,94
38,83,86,23
32,93,100,81
99,46,34,37
27,19,96,75
31,52,68,20
53,82,88,67
48,51,81,44
76,49,98,24
53,19,11,53
75,85,13,65
28,95,98,36
26,71,92,23
55,31,16,54
70,43,86,66
20,17,83,100
68,76,24,30
64,78,79,38
16,33,41,18
18,53,98,38
67,84,56,57
79,30,50,93
61,57,54,100
95,54,77,99
87,12,78,81
29,37,81,95
88,24,22,84
10,81,59,99
81,49,18,96
63,32,100,20
40,16,15,36
73,50,76,46
93,83,71,58
69,69,54,56
23,73,89,59
100,34,51,25
42,98,88,17
15,15,64,21
69,87,84,88
79,70,30,17
42,63,33,64
81,62,84,53
78,25,59,64
20,95,25,19
29,17,59,16
63,47,34,94
23,34,37,13
68,23,80,86
95,85,61,95
80,28,91,59
30,93,72,92
68,51,73,24
62,37,55,44
60,97,13,100
43,79,10,81
29,20,73,46
27,66,42,43
19,21,28,82
19,50,58,24
12,67,67,55
79,22,47,18
13,96,81,50
76,57,32,23
50,34,84,45
16,23,38,44
71,78,10,58
81,16,77,99
15,82,49,76
79,37,58,19
99,86,91,12
56,100,10,56
86,84,79,65
90,74,26,46
63,75,86,37
88,64,89,56
71,46,64,94
87,22,78,92
33,71,59,86
19,52,56,85
45,83,52,80
23,55,11,99
58,22,20,66
29,58,53,53
96,27,11,88
69,77,37,91
40,49,77,99
28,71,69,60
52,19,68,47
87,81,97,33
59,40,30,68
16,19,53,11
26,93,94,31
53,32,69,45
93,99,45,37
82,33,45,81
27,67,25,77
33,79,43,51
76,78,43,25
41,99,56,87
100,16,43,34
80,39,70,25
40,20,30,83
45,94,46,33
60,47,46,32
90,75,36,73
20,65,24,61
86,74,12,27
76,100,96,23
65,79,47,100
95,14,16,36
12,24,74,39
78,92,42,39
92,51,23,22
39,48,45,91
35,48,90,93
60,75,85,68
35,44,49,60
100,31,90,12
30,30,89,71
79,28,57,33
56,40,45,24
47,39,55,31
84,49,59,96
19,25,99,46
84,35,45,38
98,92,45,32
87,82,48,33
83,45,25,48
53,40,72,77
23,49,13,48
11,36,87,92
15,38,75,20
50,44,63,61
89,41,72,65
18,55,75,38
31,10,77,64
17,63,62,17
42,10,42,89
64,31,74,77
94,95,41,17
75,35,100,11
15,30,24,66
27,69,25,22
58,17,39,31
44,40,85,28
20,27,28,79
15,59,76,12
48,58,55,97
69,33,98,74
19,24,43,16
31,71,23,40
44,76,89,36
45,23,47,20
45,90,93,73
76,62,69,66
24,72,69,35
12,95,50,61
99,53,69,46
77,67,83,77
80,43,49,43
12,37,58,80
69,91,28,22
83,24,88,70
45,22,82,98
57,36,10,70
62,46,31,45
43,82,13,11
39,13,99,56
14,53,79,85
31,98,54,40
27,90,47,70
85,62,47,70
67,36,50,72
31,67,32,66
92,58,29,69
67,72,95,43
70,73,38,89
66,89,18,52
38,86,83,55
96,30,99,47
23,92,85,63
31,43,64,19
72,49,46,20
19,65,81,73
36,65,65,23
98,26,60,17
76,32,42,56
19,40,54,12
41,36,32,65
51,62,19,39
93,34,99,28
55,31,45,72
71,74,28,15
89,66,97,64
19,28,29,67
29,34,20,98
38,93,36,60
23,57,79,58
51,39,63,14
82,71,27,87
24,38,11,20
98,62,87,46
12,28,31,42
36,65,95,16
55,87,65,96
91,21,37,58
100,21,53,70
70,71,12,76
27,85,55,71
14,33,96,20
96,30,12,53
61,14,59,13
38,16,36,69
54,71,82,54
83,33,89,30
56,54,41,89
91,36,72,35
55,87,21,43
86,29,18,54
70,35,80,78
62,19,43,59
76,18,23,58
76,43,53,38
69,19,83,50
94,85,30,60
96,21,37,66
45,34,51,40
66,54,31,61
40,18,92,15
52,43,84,23
97,25,16,34
26,43,43,66
79,41,96,45
27,29,25,83
82,65,18,22
56,59,19,75
83,56,55,100
21,60,78,31
38,66,30,25
69,67,18,74
42,15,97,70
100,89,14,40
29,26,91,42
76,92,22,90
48,89,67,31
63,92,15,86
27,85,78,72
26,14,49,31
46,56,44,57
39,24,81,56
40,42,21,33
48,25,96,74
99,54,91,11
39,83,13,64
83,57,67,11
29,69,37,97
34,83,48,15
82,19,45,24
11,15,44,91
70,39,52,98
58,15,82,99
25,79,92,25
56,43,86,85
98,15,59,11
34,68,57,88
53,97,71,28
96,10,45,24
23,65,96,96
65,50,29,45
21,55,43,40
100,13,46,53
50,79,68,34
14,89,69,87
17,39,93,53
35,43,14,14
43,30,79,11
44,52,55,77
44,64,38,86
22,27,29,55
50,43,26,86
44,69,51,35
28,78,88,91
80,69,69,81
51,30,92,20
22,72,74,24
85,12,29,27
50,50,85,56
98,96,39,63
15,64,82,27
72,49,100,86
21,18,95,68
99,39,80,66
67,42,32,80
35,12,62,79
85,23,69,43
56,75,22,23
41,60,99,69
100,84,25,61
74,16,51,14
22,87,36,67
25,11,61,59
12,81,54,42
54,86,75,78
16,45,52,68
53,71,73,34
14,35,95,83
51,21,42,51
69,10,65,75
37,69,57,22
28,67,50,55
44,11,50,42
13,50,49,40
36,100,56,32
62,51,22,18
100,20,33,60
48,49,97,78
21,38,32,62
98,17,52,81
66,63,68,11
74,15,61,90
25,35,92,56
11,16,81,97
84,75,82,38
91,64,61,63
94,50,79,28
40,52,28,14
28,49,16,92
87,56,48,84
77,53,98,68
95,38,94,41
40,79,53,12
47,14,86,77
48,99,34,48
86,14,74,61
85,33,94,86
71,47,28,83
86,84,86,81
37,48,78,21
91,89,84,86
98,29,98,42
31,79,72,24
28,62,63,46
76,84,54,31
89,85,96,48
70,65,38,93
86,93,43,36
95,43,93,95
18,74,44,37
51,30,67,43
49,56,21,42
87,90,27,61
45,18,42,16
22,25,88,82
70,44,69,46
74,75,30,93
47,29,36,74
46,44,91,23
19,85,16,52
47,29,94,20
75,29,38,71
52,61,89,86
63,72,85,78
84,59,21,66
10,50,58,36
15,26,56,78
45,14,37,96
20,61,82,88
19,25,20,53
86,27,78,46
72,26,35,61
25,40,67,79
71,39,96,14
24,99,24,45
39,32,72,88
19,84,12,84
21,30,30,34
70,86,20,13
19,20,88,56
39,79,32,10
28,87,75,95
33,37,58,68
60,41,20,13
90,96,98,37
20,48,50,64
73,77,37,24
14,66,38,63
70,66,66,69
94,99,88,65
94,75,55,83
11,51,76,14
89,57,48,12
36,92,50,14
83,47,55,35
60,59,81,64
68,26,69,69
12,67,29,22
99,71,43,21
45,39,82,13
71,25,67,56
71,95,34,44
100,94,18,93
26,32,26,21
36,10,75,72
31,66,64,66
46,62,64,27
50,77,29,14
24,46,38,33
74,26,97,85
92,38,79,45
84,58,37,98
59,70,14,81
56,26,25,53
94,92,40,62
87,29,62,77
83,34,14,11
18,64,55,27
65,28,13,80
52,65,63,24
91,95,85,82
51,99,40,18
100,52,54,40
90,11,79,76
47,47,56,18
13,28,36,35
85,54,23,56
35,94,31,32
59,20,41,96
88,58,64,88
55,62,27,97
51,66,37,57
29,30,68,93
54,16,63,100
100,64,67,87
89,78,97,46
75,56,87,63
26,48,99,98
58,63,14,37
58,80,97,58
20,75,75,24
72,19,37,23
59,30,18,38
83,75,82,22
64,12,49,15
10,40,86,29
15,54,46,12
69,29,88,34
72,70,83,76
46,17,93,96
23,55,37,29
21,90,27,79
36,93,91,40
78,41,23,76
32,88,53,21
96,50,32,92
75,90,10,69
45,12,76,19
44,75,71,21
81,53,73,88
74,12,65,58
97,50,35,34
93,33,40,55
91,82,67,36
61,53,60,28
63,51,25,33
76,47,62,62
77,50,66,54
25,69,10,63
77,79,28,34
45,36,94,86
38,85,60,78
13,98,79,82
37,81,65,90
64,45,77,14
80,79,33,71
66,83,29,72
98,21,89,57
86,93,11,58
27,71,74,26
20,55,70,17
24,27,35,67
15,95,10,33
85,73,52,53
36,28,79,46
26,74,24,56
68,79,34,21
45,80,53,35
88,93,84,18
63,20,52,18
43,22,71,90
94,27,50,89
12,23,38,51
41,26,13,88
36,14,91,29
12,74,36,95
94,18,23,72
29,64,26,71
12,48,66,67
61,59,71,65
92,87,15,64
97,62,39,16
76,64,49,75
26,19,64,74
35,68,41,73
45,21,59,61
66,63,58,84
34,69,53,21
100,93,76,73
70,47,78,66
28,64,18,69
47,78,52,90
95,93,79,14
92,93,99,87
14,78,72,24
14,21,83,56
42,14,91,56
92,48,59,42
83,18,95,12
66,39,52,78
100,69,69,29
15,97,84,43
68,31,28,73
46,80,93,44
17,93,98,52
30,88,32,48
16,27,65,83
52,80,84,15
12,36,33,21
90,12,25,78
54,17,51,57
53,90,44,87
53,100,35,61
65,47,92,39
65,26,16,33
15,100,34,41
88,13,84,54
83,98,25,96
76,94,74,68
21,98,66,29
67,62,89,31
28,65,37,35
99,49,88,16
27,75,35,86
33,58,88,69
57,66,72,48
94,19,62,39
17,86,70,94
73,49,32,75
25,18,66,54
44,27,61,67
10,27,48,42
21,71,34,79
26,25,96,92
26,74,55,69
98,65,78,78
49,41,39,49
44,58,41,76
36,16,78,21
49,25,33,84
75,58,86,43
72,48,24,13
97,64,14,67
22,10,64,20
16,51,73,31
70,20,25,95
22,35,63,35
22,95,55,13
68,88,75,47
37,72,82,25
49,45,69,71
59,58,76,49
50,15,30,19
52,91,59,97
73,68,70,90
50,85,36,68
54,100,64,70
36,38,83,82
33,63,16,48
74,83,100,63
23,83,65,22
13,75,68,74
57,10,92,90
14,16,56,66
94,51,90,11
70,25,84,23
20,55,17,52
88,46,31,91
88,73,63,76
65,22,29,96
51,84,57,13
27,25,24,11
19,57,12,24
30,10,30,76
35,17,78,66
54,15,34,65
50,25,89,18
27,65,57,65
83,47,70,30
18,97,40,63
30,19,72,77
37,66,28,68
77,56,44,97
33,96,93,71
30,24,65,65
67,47,24,85
92,41,47,52
52,47,57,33
93,35,43,99
24,85,96,70
75,48,89,74
25,46,100,47
73,77,25,42
40,74,59,31
60,96,24,35
38,97,32,38
34,70,51,61
88,82,71,26
41,20,27,17
78,46,50,23
93,84,66,17
75,35,61,57
53,95,67,80
99,51,98,24
56,13,27,73
59,50,23,78
56,14,53,31
92,51,100,75
91,68,96,55
95,72,39,83
49,84,94,65
25,69,31,51
18,18,46,19
31,36,96,64
67,34,86,94
89,21,34,55
74,62,75,62
85,86,11,12
51,62,87,73
98,17,31,90
30,51,73,28
47,51,14,35
39,91,54,78
84,15,78,33
16,61,37,47
62,59,30,92
39,60,74,14
33,52,25,24
17,60,71,68
68,96,90,56
68,66,39,55
80,21,98,84
99,62,42,81
92,53,14,44
12,78,46,57
63,35,72,42
56,49,62,26
98,57,88,42
86,66,91,28
25,84,93,38
95,96,47,58
46,41,26,35
96,29,98,16
74,79,25,51
41,59,24,54
23,19,93,19
85,56,71,28
41,66,92,11
30,19,20,60
40,63,24,74
16,48,68,75
40,48,33,83
30,12,90,12
92,29,89,82
27,38,43,95
46,39,44,93
28,55,94,68
17,22,19,59
47,77,49,79
58,12,36,13
88,13,90,50
30,72,67,44
25,43,13,11
36,33,63,75
80,36,78,69
34,99,46,78
20,20,22,75
33,48,54,27
80,89,65,82
43,20,48,55
47,72,29,98
35,89,76,18
92,68,81,17
20,31,100,98
75,32,31,80
48,81,69,27
82,33,63,91
12,30,94,40
61,60,60,16
90,95,76,71
15,45,56,36
50,94,58,51
19,54,72,89
78,57,22,59
70,67,79,74
11,38,24,32
75,70,76,37
82,64,14,93
88,32,80,16
37,64,94,36
88,12,53,68
83,88,97,79
61,56,26,22
17,12,60,87
46,95,63,15
19,95,72,24
68,95,23,79
24,87,58,47
49,36,25,65
56,77,14,24
78,16,36,60
45,99,73,91
24,65,85,51
50,72,59,55
96,61,97,48
12,84,10,23
91,50,28,23
16,87,97,71
36,97,62,83
27,17,97,76
27,57,36,14
48,39,76,25
64,29,27,54
46,23,63,63
63,60,90,95
38,10,50,88
29,31,100,99
88,12,60,64
98,14,46,16
38,14,73,68
93,24,37,70
41,18,11,43
93,65,29,70
54,85,80,25
99,16,78,30
39,83,66,25
83,24,92,59
43,93,63,94
79,54,81,37
73,13,47,46
19,92,87,15
98,71,80,38
41,39,71,91
88,97,50,29
79,51,12,58
46,40,70,73
61,65,40,89
93,95,55,69
33,31,74,24
39,16,77,14
77,82,69,10
43,19,46,52
21,36,11,54
44,74,98,46
46,78,68,68
29,80,33,84
55,76,37,53
42,48,18,65
94,18,66,88
73,19,40,70
96,64,40,47
25,99,96,71
46,96,54,100
19,75,86,80
74,80,72,31
89,11,72,25
41,24,32,76
48,69,25,71
93,51,19,21
74,84,80,52
33,61,79,70
71,12,65,62
72,34,59,40
13,84,36,69
84,64,86,71
73,25,49,100
12,67,79,34
81,58,54,65
62,75,67,83
15,68,43,81
25,91,17,37
39,69,65,15
39,11,55,23
75,25,22,34
28,71,20,49
32,17,52,100
33,91,91,68
82,36,48,32
44,19,99,60
92,45,75,56
52,21,64,66
48,100,62,94
59,48,38,46
80,66,61,27
26,73,52,30
74,81,62,50
13,61,27,34
27,95,34,98
25,69,86,35
29,18,46,84
12,62,91,12
32,65,44,50
13,92,18,22
88,38,77,24
